Designação;Tipo Ral;Anorm.;Num.Recup.;Abertura;Duração;Item;CF Exec.;Ass.;Técn.;Resp.;Anatel;Prejuízo;Cluster;Cidade;Region;Type
CIM BA    GRI MC    OTS;FOTÔNICA;MT-27;RAL-6037/2026;05/01/2026 - 16:12;42d.04h21m;9;RC/VTA /JM /NET/SG;5;;E;-;C;Unknown;Unknown;Unknown;Unknown
SLS US    STY FB    OTS;FOTÔNICA;MT-26;RAL-20385/2026;12/01/2026 - 11:15;38d.06h52m;3;RT/SLS /CE /NET/FO;-;;E;-;C;SÃO LUÍS;SÃO LUIS;NORTE;Retirada (RT)
CAVNMC    VTA JM    OTS;FOTÔNICA;MT-05;RAL-101365/2026;18/02/2026 - 20:09;0d.22h07m;4;RT/VTA /MTN/FFA/FO;1;;E;-;C;RIO DE JANEIRO / ESPIRITO SANTO;VITÓRIA;METROPOLITANA;Retirada (RT)
RUP CABO OPTICO NAOCLA-PA;FOTÔNICA;CB-02;RAL-102719/2026;19/02/2026 - 10:51;0d.07h43m;3;RT/PMJ /CO /NET/FO;-;;E;-;C;PALMAS;PALMAS;CENTRO OESTE;Retirada (RT)
CBU RD    TANGBR    OTS;BACKBONE;MT-26;RAL-428258/2025;12/07/2025 - 14:51;131d.07h00m;23;RC/RJO /AM /NET/SG;-;;E;-;C;Unknown;Unknown;Unknown;Unknown
BVS BR    CPN CZ    OTS;BACKBONE;MT-27;RAL-605016/2025;01/10/2025 - 16:17;141d.01h58m;4;RC/BLM /NO /NET/SG;3;;E;-;C;Unknown;Unknown;Unknown;Unknown
IP RAN/RJ NFR01/RJ TER05;BACKBONE;CD-99;RAL-734701/2025;28/11/2025 - 19:42;0d.00h23m;16;DP/RJO /AM /NET/FO;3;;E;-;C;RIO DE JANEIRO / ESPIRITO SANTO;RIO;RIO;Despacho (DP)
BBI AC    SDT JV    OTS;BACKBONE;MT-27;RAL-49806/2026;26/01/2026 - 12:48;2d.16h28m;24;RT/BHE /ES /FFA/FO;10;;E;-;C;BELO HORIZONTE;BELO HORIZONTE;MINAS GERAIS;Retirada (RT)
CAVNMC    CNA CL2   OTS;BACKBONE;MT-26;RAL-51001/2026;26/01/2026 - 22:14;15d.03h19m;5;RC/VTA /MTP/NET/FO;9;;E;-;C;RIO DE JANEIRO / ESPIRITO SANTO;REGIÃO METROPOLITANA;Sul Fluminense;Recuperação (RC)
CAVNMC    CNA CL2   OTS;BACKBONE;MT-26;RAL-51001/2026;26/01/2026 - 22:14;23d.19h53m;4;RT/VTA /NOR/FFA/FO;9;;E;-;C;RIO DE JANEIRO / ESPIRITO SANTO;VITÓRIA;NORTE;Retirada (RT)
CBF CB3LINCBF 0HALINB4S;BACKBONE;MT-27;RAL-86296/2026;11/02/2026 - 13:26;8d.00h32m;5;RT/RJO /LGS/NET/FO;-;;E;-;C;RIO DE JANEIRO / ESPIRITO SANTO;RIO DE JANEIRO;RIO DE JANEIRO;Retirada (RT)
CAVNMC    VTA JM    OTS;BACKBONE;MT-26;RAL-98505/2026;17/02/2026 - 17:48;0d.02h02m;9;RT/VTA /MTS/FFA/FO;15;;E;-;C;RIO DE JANEIRO / ESPIRITO SANTO;VITÓRIA;METROPOLITANA;Retirada (RT)
IP RAN/ES SERR1/ES SER02;BACKBONE;CD-99;RAL-103425/2026;19/02/2026 - 14:21;0d.03h46m;3;RT/VTA /MTN/FFA/FO;-;;E;-;C;RIO DE JANEIRO / ESPIRITO SANTO;VITÓRIA;METROPOLITANA;Retirada (RT)
DOS CS    PPR R03   OTS;BACKBONE;MT-27;RAL-103510/2026;19/02/2026 - 14:45;0d.03h49m;4;RT/CPE /CO /NET/FO;-;;E;-;C;CAMPO GRANDE;CAMPO GRANDE;CENTRO OESTE;Retirada (RT)
RUP CABO ÓPTICO:IGUU01-TC;BACKBONE;CB-02;RAL-103789/2026;19/02/2026 - 14:47;0d.01h53m;4;RT/CPE /CO /NET/FO;-;;E;-;C;CAMPO GRANDE;CAMPO GRANDE;CENTRO OESTE;Retirada (RT)
PMJ INLINEPMJ SOLINEB1S;BACKBONE;MD-11;RAL-104185/2026;19/02/2026 - 18:18;0d.00h11m;3;RT/PMJ /CO /NET/FO;1;;E;-;C;PALMAS;PALMAS;CENTRO OESTE;Retirada (RT)
RUP CABO ÓPTICO: DQXNAS-D;BACKBONE;CB-02;RAL-104229/2026;19/02/2026 - 17:29;0d.00h01m;2;DP/RJO /AM /NET/FO;-;;E;-;C;RIO DE JANEIRO / ESPIRITO SANTO;RIO;RIO;Despacho (DP)
RJO PHALINRJO ZFVLINB1S;COLETOR;MD-11;RAL-518282/2025;25/08/2025 - 12:24;167d.00h24m;6;DP/RJO /AM /NET/FO;27;TRICKSC;E;-;C;RIO DE JANEIRO / ESPIRITO SANTO;RIO;RIO;Despacho (DP)
RJO R3HLINRJO WVSLINVC4S;COLETOR;MT-01;RAL-614476/2025;06/10/2025 - 14:20;136d.04h08m;4;DP/RJO /AM /NET/FO;19;TRICKSC;E;-;C;RIO DE JANEIRO / ESPIRITO SANTO;RIO;RIO;Despacho (DP)
RJO FORLINRJO PYMLINB1S;COLETOR;FO-01;RAL-730653/2025;27/11/2025 - 09:38;76d.02h57m;5;DP/RJO /AM /NET/FO;7;TRICKSC;E;-;C;RIO DE JANEIRO / ESPIRITO SANTO;RIO;RIO;Despacho (DP)
SGO 0POLINSGO 0WJLINB1S;COLETOR;MT-01;RAL-7901/2026;06/01/2026 - 12:01;44d.05h55m;5;RT/RJO /MTP/NET/FO;2;;E;-;C;RIO DE JANEIRO / ESPIRITO SANTO;RIO DE JANEIRO;METROPOLITANA;Retirada (RT)
CXY MQ    CXY 0EK   B4S;COLETOR;MT-01;RAL-8199/2026;06/01/2026 - 14:16;44d.04h03m;3;RT/CVZ /LB /NET/FO;-;;E;-;C;CACHOEIRO DE ITAPEMIRIM;CACHOEIRO DE ITAPEMIRIM;CACHOEIRO DE ITAPEMIRIM;Retirada (RT)
MNS EELINEMNS MS6LINB1S;COLETOR;MD-99;RAL-11570/2026;07/01/2026 - 20:05;42d.22h12m;3;RT/MNS /NO /NET/FO;7;;E;-;C;MANAUS;MANAUS;NORTE;Retirada (RT)
MNS UEY   MNS 11U   B0480;COLETOR;FO-01;RAL-24091/2026;13/01/2026 - 17:13;37d.01h23m;3;RT/MNS /NO /NET/FO;2;;E;-;C;MANAUS;MANAUS;NORTE;Retirada (RT)
DOS 0EKLINDOS 0JRLINB1S;COLETOR;MT-27;RAL-93828/2026;14/02/2026 - 10:51;5d.07h30m;3;RT/CPE /CO /NET/FO;-;;E;-;C;CAMPO GRANDE;CAMPO GRANDE;CENTRO OESTE;Retirada (RT)
RUP NODEB MASJE01;COLETOR;CB-99;RAL-94580/2026;15/02/2026 - 01:54;4d.15h45m;3;RT/SLS /CE /NET/FO;1;;E;-;C;SÃO LUÍS;SÃO LUIS;NORTE;Retirada (RT)
NODE B/RJ SGO65/RJ SGO32(;COLETOR;CL-01;RAL-101467/2026;18/02/2026 - 21:50;0d.20h37m;2;RT/RJO /MTP/NET/FO;-;;E;-;C;RIO DE JANEIRO / ESPIRITO SANTO;RIO DE JANEIRO;METROPOLITANA;Retirada (RT)
C220-SGONET-001 GPON-OLT_;COLETOR;CD-99;RAL-102245/2026;19/02/2026 - 09:10;0d.08h17m;5;RT/RJO /MTP/NET/FO;2;;E;-;C;RIO DE JANEIRO / ESPIRITO SANTO;RIO DE JANEIRO;METROPOLITANA;Retirada (RT)
SETOR REMOTO RJBUZ05;COLETOR;CB-99;RAL-102616/2026;19/02/2026 - 10:27;0d.08h10m;2;RT/RJO /LGS/NET/FO;-;;E;-;C;RIO DE JANEIRO / ESPIRITO SANTO;RIO DE JANEIRO;RIO DE JANEIRO;Retirada (RT)
NODE B/RJ PIR01/RJ VRE08;COLETOR;CL-01;RAL-102696/2026;19/02/2026 - 10:46;0d.07h43m;2;RT/RJO /SUF/NET/FO;-;;E;-;C;RIO DE JANEIRO / ESPIRITO SANTO;SUL FLUMINENSE;SUL FLUMINENSE;Retirada (RT)
NODE B/RJ PIR01/RJ BPI01;COLETOR;CL-01;RAL-102702/2026;19/02/2026 - 10:47;0d.07h43m;2;RT/RJO /SUF/NET/FO;-;;E;-;C;RIO DE JANEIRO / ESPIRITO SANTO;SUL FLUMINENSE;SUL FLUMINENSE;Retirada (RT)
IP RAN/MA SLS24/MA SLS34;COLETOR;MD-99;RAL-103227/2026;19/02/2026 - 13:15;0d.03h47m;4;RT/SLS /CE /NET/FO;-;;E;-;C;SÃO LUÍS;SÃO LUIS;NORTE;Retirada (RT)
AIU BR ME BLM QB ME 1G 00;COLETOR;MD-99;RAL-103347/2026;19/02/2026 - 13:59;0d.04h20m;3;RT/BLM /NO /NET/FO;-;;E;-;C;BELÉM;BELÉM;NORTE;Retirada (RT)
NODE B/RJ CAG05/RJ SEP06;COLETOR;FO-01;RAL-103523/2026;19/02/2026 - 14:48;0d.03h36m;2;RT/RJO /OE1/NET/FO;-;;E;-;C;RIO DE JANEIRO / ESPIRITO SANTO;Centro Sul;Centro Sul;Retirada (RT)
NODE B/RJ SEP06/RJ SEP01;COLETOR;FO-01;RAL-103534/2026;19/02/2026 - 14:54;0d.03h32m;2;RT/RJO /OE1/NET/FO;-;;E;-;C;RIO DE JANEIRO / ESPIRITO SANTO;Centro Sul;Centro Sul;Retirada (RT)
LNS BEBLINLNS 0JILINB4S;COLETOR;MT-01;RAL-103616/2026;19/02/2026 - 15:19;0d.02h48m;3;RT/VTA /NOR/FFA/FO;-;;E;-;C;RIO DE JANEIRO / ESPIRITO SANTO;VITÓRIA;NORTE;Retirada (RT)
NODE B RJNITG1 X RJNIT16;COLETOR;CT-99;RAL-103765/2026;19/02/2026 - 15:53;0d.02h41m;2;RT/RJO /MTP/NET/FO;-;;E;-;C;RIO DE JANEIRO / ESPIRITO SANTO;RIO DE JANEIRO;METROPOLITANA;Retirada (RT)
NODE B MASIS01;COLETOR;CB-99;RAL-103898/2026;19/02/2026 - 16:31;0d.01h21m;4;RT/SIS /KB /NET/FO;-;;E;-;C;Unknown;Unknown;Unknown;Unknown
RUP NODEB RJBFR40-RMP01;COLETOR;CB-99;RAL-104037/2026;19/02/2026 - 17:16;0d.01h16m;2;RT/RJO /BX1/NET/FO;-;F101976;E;-;C;RIO DE JANEIRO / ESPIRITO SANTO;BAIXADA;Sul 2;Retirada (RT)
C320-MNSC79-001 - 1/3;COLETOR;MT-99;RAL-104138/2026;19/02/2026 - 17:53;0d.00h42m;2;RT/MNS /NO /NET/FO;1;;E;-;C;MANAUS;MANAUS;NORTE;Retirada (RT)
CUC BQ ME PECERL ME 1G 00;COLETOR;MD-99;RAL-104149/2026;19/02/2026 - 17:59;0d.00h25m;3;RT/FLA /CE /NET/FO;-;;E;-;C;FORTALEZA;FORTALEZA;FORTALEZA;Retirada (RT)
BET EGR   BHE ES    B16S;PPC;MT-03;RAL-8160/2026;06/01/2026 - 14:00;18d.19h41m;8;RT/BHE /ES /FFA/FO;3;;E;-;C;BELO HORIZONTE;BELO HORIZONTE;MINAS GERAIS;Retirada (RT)
RJSEP06-RMP01;PPC;MT-99;RAL-102714/2026;19/02/2026 - 10:50;0d.05h03m;8;RT/RJO /OE1/NET/FO;2;;E;-;C;RIO DE JANEIRO / ESPIRITO SANTO;Centro Sul;Centro Sul;Retirada (RT)
RJO JFBLINRJO RX0LINB1S;ACESSO CLIENTE;MT-26;RAL-247813/2025;20/04/2025 - 11:45;305d.06h20m;4;DP/RJO /AM /NET/FO;6;TRICKSC;E;-;C;RIO DE JANEIRO / ESPIRITO SANTO;RIO;RIO;Despacho (DP)
RJO AMLINERJO 0TXLINB1S;ACESSO CLIENTE;MT-03;RAL-330287/2025;28/05/2025 - 09:47;267d.08h25m;8;DP/RJO /AM /NET/FO;-;TRICKSC;E;-;C;RIO DE JANEIRO / ESPIRITO SANTO;RIO;RIO;Despacho (DP)
CRN CARLINRIH RIALINB16S;ACESSO CLIENTE;FO-99;RAL-365650/2025;12/06/2025 - 05:52;82d.04h00m;6;RC/SLS /CE /NET/SG;-;;E;-;C;Unknown;Unknown;Unknown;Unknown
RJO WQ6LINRJO 7UVLINB1S;ACESSO CLIENTE;MT-03;RAL-385961/2025;23/06/2025 - 08:40;241d.09h36m;5;DP/RJO /AM /NET/FO;3;TRICKSC;E;-;C;RIO DE JANEIRO / ESPIRITO SANTO;RIO;RIO;Despacho (DP)
RJO FF9LINRJO L2YLINB1S;ACESSO CLIENTE;MT-26;RAL-440729/2025;18/07/2025 - 12:15;210d.23h26m;5;DP/RJO /AM /NET/FO;8;TRICKSC;E;-;C;RIO DE JANEIRO / ESPIRITO SANTO;RIO;RIO;Despacho (DP)
RJO I6XLINRJO 2GWLINB1S;ACESSO CLIENTE;FO-01;RAL-623526/2025;09/10/2025 - 16:04;132d.22h49m;5;DP/RJO /AM /NET/FO;3;TRICKSC;E;-;C;RIO DE JANEIRO / ESPIRITO SANTO;RIO;RIO;Despacho (DP)
RJO ENLINERJO I6XLINB1S;ACESSO CLIENTE;MT-26;RAL-662314/2025;27/10/2025 - 14:52;108d.06h05m;5;DP/RJO /AM /NET/FO;-;TRICKSC;E;-;C;RIO DE JANEIRO / ESPIRITO SANTO;RIO;RIO;Despacho (DP)
RJO AMLINERJO S59LIN4S;ACESSO CLIENTE;FO-01;RAL-699455/2025;12/11/2025 - 17:45;99d.00h47m;3;RT/RJO /SU2/NET/FO;9;;E;-;C;RIO DE JANEIRO / ESPIRITO SANTO;Oeste;Centro Sul;Retirada (RT)
MNS EMLINEMNS SDLINEVC4S;ACESSO CLIENTE;FO-01;RAL-733255/2025;28/11/2025 - 10:16;83d.07h55m;3;RT/MNS /NO /NET/FO;2;;E;-;C;MANAUS;MANAUS;NORTE;Retirada (RT)
SGO UT2LINSGO UU7LINB1S;ACESSO CLIENTE;FO-99;RAL-744381/2025;03/12/2025 - 16:09;78d.02h17m;2;RT/RJO /MTP/NET/FO;8;;E;-;C;RIO DE JANEIRO / ESPIRITO SANTO;RIO DE JANEIRO;METROPOLITANA;Retirada (RT)
SLS ALLINESLS USLINEB1S;ACESSO CLIENTE;MT-01;RAL-765710/2025;12/12/2025 - 11:05;15d.07h51m;13;RT/SLS /CE /NET/FO;4;;E;-;C;SÃO LUÍS;SÃO LUIS;NORTE;Retirada (RT)
MNS MP2LINMNS 0PHLINB4S;ACESSO CLIENTE;MT-01;RAL-772177/2025;15/12/2025 - 16:57;24d.07h09m;6;RT/MNS /NO /NET/FO;3;;E;-;C;MANAUS;MANAUS;NORTE;Retirada (RT)
RJO R0GLINRJO 8RELINB1S;ACESSO CLIENTE;SV-26;RAL-50260/2026;26/01/2026 - 15:21;24d.02h34m;4;RT/RJO /NO2/NET/FO;-;;E;-;C;RIO DE JANEIRO / ESPIRITO SANTO;Norte 1;Norte 1;Retirada (RT)
BVA PWLINEBVA 0IYLINB1S;ACESSO CLIENTE;FO-01;RAL-50414/2026;26/01/2026 - 16:04;24d.02h26m;3;RT/BVA /NO /NET/FO;-;;E;-;C;BOA VISTA;BOA VISTA;NORTE;Retirada (RT)
MNS EM DM MNS JTXDM 10G;ACESSO CLIENTE;MT-26;RAL-50665/2026;26/01/2026 - 17:23;24d.01h00m;3;RT/MNS /NO /NET/FO;-;;E;-;C;MANAUS;MANAUS;NORTE;Retirada (RT)
MNS EM    MNS 19A   B4S;ACESSO CLIENTE;MT-01;RAL-61793/2026;31/01/2026 - 10:47;19d.07h45m;3;RT/MNS /NO /NET/FO;1;;E;-;C;MANAUS;MANAUS;NORTE;Retirada (RT)
MNS EM    MNS 38G   B1S;ACESSO CLIENTE;FO-01;RAL-64727/2026;02/02/2026 - 11:42;17d.05h45m;4;RT/MNS /NO /NET/FO;2;;E;-;C;MANAUS;MANAUS;NORTE;Retirada (RT)
MNS SJ    MNS 21J   B1S;ACESSO CLIENTE;FO-01;RAL-76542/2026;06/02/2026 - 17:27;13d.00h54m;3;RT/MNS /NO /NET/FO;-;;E;-;C;MANAUS;MANAUS;NORTE;Retirada (RT)
RJO PHALINRJO ZFVLINB1S;ACESSO CLIENTE;FO-99;RAL-81545/2026;09/02/2026 - 17:59;10d.00h29m;3;DP/RJO /AM /NET/FO;-;TRICKSC;E;-;C;RIO DE JANEIRO / ESPIRITO SANTO;RIO;RIO;Despacho (DP)
MCO GB2LINMCO 147LINB1S;ACESSO CLIENTE;MT-26;RAL-88053/2026;12/02/2026 - 06:49;7d.10h43m;3;RT/MCO /NE /NET/FO;-;;E;-;C;MACEIÓ;MACEIÓ;NORDESTE;Retirada (RT)
RJO A8B   RJO C6V   OTS;ACESSO CLIENTE;MT-27;RAL-89914/2026;12/02/2026 - 16:09;7d.02h26m;3;RT/RJO /CZS/NET/FO;4;;E;-;C;RIO DE JANEIRO / ESPIRITO SANTO;Norte 3;Norte 3;Retirada (RT)
CPE CMLINECPE 12ULINB1S;ACESSO CLIENTE;MT-26;RAL-93567/2026;14/02/2026 - 05:20;5d.12h44m;3;RT/CPE /CO /NET/FO;-;;E;-;C;CAMPO GRANDE;CAMPO GRANDE;CENTRO OESTE;Retirada (RT)
LNS RVALINSORTSMLINEB16S;ACESSO CLIENTE;MT-26;RAL-93581/2026;14/02/2026 - 05:39;5d.12h39m;3;RT/VTA /NOR/FFA/FO;-;;E;-;C;RIO DE JANEIRO / ESPIRITO SANTO;VITÓRIA;NORTE;Retirada (RT)
CAH MPLINECAH RBLINEB1S;ACESSO CLIENTE;FO-01;RAL-93904/2026;14/02/2026 - 11:59;5d.06h27m;3;RT/BLM /NO /NET/FO;-;;E;-;C;BELÉM;BELÉM;NORTE;Retirada (RT)
ANS 0IWLINANS 0KWLINB1S;ACESSO CLIENTE;MT-26;RAL-95864/2026;16/02/2026 - 07:01;3d.10h32m;3;RT/GNA /CO /NET/FO;-;;E;-;C;GOIÂNIA;GOIÂNIA;Rio Branco;Retirada (RT)
DOS CSLINEDOS MP3LINB0480;ACESSO CLIENTE;MT-26;RAL-96699/2026;16/02/2026 - 14:55;3d.02h55m;5;RT/CPE /CO /NET/FO;-;;E;-;C;CAMPO GRANDE;CAMPO GRANDE;CENTRO OESTE;Retirada (RT)
DM4370_MNS3IS-01  TEN-1/1;ACESSO CLIENTE;MD-99;RAL-97652/2026;17/02/2026 - 07:59;2d.02h07m;5;RT/MNS /NO /NET/FO;-;;E;-;C;MANAUS;MANAUS;NORTE;Retirada (RT)
CPE CMLINECPE 0SXLINB0480;ACESSO CLIENTE;MT-26;RAL-99731/2026;18/02/2026 - 11:21;1d.06h58m;3;RT/CPE /CO /NET/FO;-;;E;-;C;CAMPO GRANDE;CAMPO GRANDE;CENTRO OESTE;Retirada (RT)
CPE CMLINECPE 1I2LINVC4S;ACESSO CLIENTE;MT-26;RAL-101498/2026;18/02/2026 - 22:38;0d.19h46m;3;RT/CPE /CO /NET/FO;-;;E;-;C;CAMPO GRANDE;CAMPO GRANDE;CENTRO OESTE;Retirada (RT)
CPE CMLINECPE 0Q2LINB1S;ACESSO CLIENTE;MT-26;RAL-101512/2026;18/02/2026 - 22:57;0d.19h14m;3;RT/CPE /CO /NET/FO;-;;E;-;C;CAMPO GRANDE;CAMPO GRANDE;CENTRO OESTE;Retirada (RT)
CPE 0G5LINCPE 0G6LINB1S;ACESSO CLIENTE;MT-26;RAL-101528/2026;18/02/2026 - 23:16;0d.03h50m;5;RT/CPE /CO /NET/FO;1;;E;-;C;CAMPO GRANDE;CAMPO GRANDE;CENTRO OESTE;Retirada (RT)
CCA JASLINVIA VIILINVC4S;ACESSO CLIENTE;MT-26;RAL-101542/2026;18/02/2026 - 23:36;0d.18h15m;3;RT/VTA /MTS/FFA/FO;-;;E;-;C;RIO DE JANEIRO / ESPIRITO SANTO;VITÓRIA;METROPOLITANA;Retirada (RT)
MNS MI1LINMNS 3Z1LINB1S;ACESSO CLIENTE;MT-26;RAL-101588/2026;19/02/2026 - 00:05;0d.18h18m;3;RT/MNS /NO /NET/FO;1;;E;-;C;MANAUS;MANAUS;NORTE;Retirada (RT)
MPA 0FILINMPA 0FOLINVC4S;ACESSO CLIENTE;MT-26;RAL-101593/2026;19/02/2026 - 00:09;0d.17h24m;3;RT/MPA /NO /NET/FO;-;;E;-;C;MACAPÁ;MACAPÁ;NORTE;Retirada (RT)
PMJ 0WMLINPMJ 0ZMLINB1S;ACESSO CLIENTE;MT-26;RAL-101754/2026;19/02/2026 - 03:41;0d.14h13m;3;RT/PMJ /CO /NET/FO;-;;E;-;C;PALMAS;PALMAS;CENTRO OESTE;Retirada (RT)
NIU MFPLINRJO PP9LINVC4S;ACESSO CLIENTE;MT-01;RAL-102625/2026;19/02/2026 - 10:30;0d.07h54m;3;RT/RJO /NO2/NET/FO;1;;E;-;C;RIO DE JANEIRO / ESPIRITO SANTO;Norte 1;Norte 1;Retirada (RT)
BSA SU BSA 836 10G 001F;ACESSO CLIENTE;MT-26;RAL-102965/2026;19/02/2026 - 11:52;0d.06h32m;3;RC/BSA /CO /NET/FO;-;;E;-;C;BRASILIA;BRASILIA;CENTRO OESTE;Recuperação (RC)
NRI S30LINNRI 0W4LINB1S;ACESSO CLIENTE;MT-03;RAL-102981/2026;19/02/2026 - 11:57;0d.06h23m;4;RT/RJO /MTP/NET/FO;1;;E;-;C;RIO DE JANEIRO / ESPIRITO SANTO;RIO DE JANEIRO;METROPOLITANA;Retirada (RT)
BSA 77RLINPLAADR4LINB4S;ACESSO CLIENTE;MT-26;RAL-103030/2026;19/02/2026 - 12:10;0d.06h11m;3;RC/BSA /CO /NET/FO;-;;E;-;C;BRASILIA;BRASILIA;CENTRO OESTE;Recuperação (RC)
MPA 0GSLINMPA 0N4LINB1S;ACESSO CLIENTE;MD-11;RAL-103230/2026;19/02/2026 - 13:16;0d.05h08m;3;RT/MPA /NO /NET/FO;-;;E;-;C;MACAPÁ;MACAPÁ;NORTE;Retirada (RT)
MPA GGLINEMPA YBLINEB1S;ACESSO CLIENTE;MD-11;RAL-103234/2026;19/02/2026 - 13:17;0d.05h10m;3;RT/MPA /NO /NET/FO;1;;E;-;C;MACAPÁ;MACAPÁ;NORTE;Retirada (RT)
C320-VAZCE-001 - 1/5;ACESSO CLIENTE;MT-26;RAL-103355/2026;19/02/2026 - 14:01;0d.02h13m;3;DP/CBA /CO /NET/FO;5;LYSSESF;E;-;C;CUIABA;CUIABA;CENTRO OESTE;Despacho (DP)
C320-VAZCE-001 - 1/5;ACESSO CLIENTE;MT-26;RAL-103355/2026;19/02/2026 - 14:01;0d.04h14m;2;RT/CBA /CO /NET/FO;5;;E;-;C;CUIABA;CUIABA;CENTRO OESTE;Retirada (RT)
C220-SGONET-001 - 6/3;ACESSO CLIENTE;MT-26;RAL-103366/2026;19/02/2026 - 14:04;0d.04h16m;2;RT/RJO /MTP/NET/FO;3;;E;-;C;RIO DE JANEIRO / ESPIRITO SANTO;RIO DE JANEIRO;METROPOLITANA;Retirada (RT)
AIU AT0LINBLM SZLINEVC4S;ACESSO CLIENTE;MT-26;RAL-103391/2026;19/02/2026 - 14:10;0d.04h20m;3;RT/BLM /NO /NET/FO;-;;E;-;C;BELÉM;BELÉM;NORTE;Retirada (RT)
BSA 836LINPLAADR4LINB16S;ACESSO CLIENTE;MT-26;RAL-103672/2026;19/02/2026 - 15:31;0d.02h45m;3;RC/BSA /CO /NET/FO;-;;E;-;C;BRASILIA;BRASILIA;CENTRO OESTE;Recuperação (RC)
BSA FTLINEBSA 836LINB16S;ACESSO CLIENTE;MT-26;RAL-103676/2026;19/02/2026 - 15:32;0d.02h50m;3;RC/BSA /CO /NET/FO;2;;E;-;C;BRASILIA;BRASILIA;CENTRO OESTE;Recuperação (RC)
C320-MNSC79-001 - 1/2;ACESSO CLIENTE;MT-26;RAL-103840/2026;19/02/2026 - 16:16;0d.02h11m;2;RT/MNS /NO /NET/FO;5;;E;-;C;MANAUS;MANAUS;NORTE;Retirada (RT)
CBA MCLINEVO FQLINE 16S 6;ACESSO CLIENTE;MT-26;RAL-104087/2026;19/02/2026 - 17:32;0d.00h46m;3;RT/CBA /CO /NET/FO;-;;E;-;C;CUIABA;CUIABA;CENTRO OESTE;Retirada (RT)
BLM 1Y5LINBLM 20SLINB1S;ACESSO CLIENTE;MT-26;RAL-104095/2026;19/02/2026 - 17:34;0d.00h48m;3;RT/BLM /NO /NET/FO;-;;E;-;C;BELÉM;BELÉM;NORTE;Retirada (RT)
BHE 1TZ CEM EP 10G 001 PR;ACESSO CLIENTE;MT-26;RAL-104111/2026;19/02/2026 - 17:44;0d.00h34m;3;RT/BHE /ES /FFA/FO;-;;E;-;C;BELO HORIZONTE;BELO HORIZONTE;MINAS GERAIS;Retirada (RT)
IP RAN/RJ DQC91/RJ PET15;QUALIDADE;FO-05;RAL-645699/2025;20/10/2025 - 10:20;122d.08h18m;1;RT/RJO /BX1/NET/FO;3;DAGOMES;E;-;C;RIO DE JANEIRO / ESPIRITO SANTO;BAIXADA;Sul 2;Retirada (RT)
7609SR_RJO_AC-01_TENGIGAB;QUALIDADE;CB-99;RAL-757297/2025;09/12/2025 - 19:00;65d.01h36m;3;RT/RJO /NO3/PCS/FO;2;WGOMESA;E;-;C;RIO DE JANEIRO / ESPIRITO SANTO;RIO DE JANEIRO;NORTE 3;Retirada (RT)
CNA CL2   GVS JK    OTS;FOTÔNICA;FO-05;RAL-575664/2025;19/09/2025 - 10:52;142d.11h15m;16;RC/VTA /JM /NET/SG;-;;E;-;S;Unknown;Unknown;Unknown;Unknown
CANMMC    VTA JM    OTS;FOTÔNICA;MT-26;RAL-45165/2026;23/01/2026 - 11:07;2d.08h44m;30;RT/VTA /MTN/FFA/FO;3;;E;-;S;RIO DE JANEIRO / ESPIRITO SANTO;VITÓRIA;METROPOLITANA;Retirada (RT)
AGNPFC    ITZ RC    OTS;BACKBONE;MT-05;RAL-317716/2025;22/05/2025 - 16:38;266d.09h40m;4;RC/SLS /CE /NET/SG;-;;E;-;S;Unknown;Unknown;Unknown;Unknown
RJO AM    RJO NT0   OTS;BACKBONE;MT-26;RAL-579636/2025;21/09/2025 - 22:07;150d.19h05m;19;RC/RJO /AM /NET/SG;-;;E;-;S;Unknown;Unknown;Unknown;Unknown
SWAP WIKI PQIA X ITZ;BACKBONE;MT-99;RAL-789255/2025;23/12/2025 - 11:09;23d.09h55m;15;RC/SLS /CE /NET/SG;-;;E;-;S;Unknown;Unknown;Unknown;Unknown
SWAP V.TAL PSN X SDZT;BACKBONE;MT-99;RAL-19058/2026;11/01/2026 - 15:20;36d.06h43m;6;RT/SLS /CE /NET/FO;-;;E;-;S;SÃO LUÍS;SÃO LUIS;NORTE;Retirada (RT)
SWAP ALLOHA BBEI X SLS;BACKBONE;MT-99;RAL-68782/2026;03/02/2026 - 21:49;15d.20h34m;3;RT/SLS /CE /NET/FO;-;;E;-;S;SÃO LUÍS;SÃO LUIS;NORTE;Retirada (RT)
SWAP ALTAREDE RIOS - ARBU;BACKBONE;MT-99;RAL-91110/2026;13/02/2026 - 08:11;1d.01h59m;11;RT/RJO /LGS/NET/FO;-;;E;-;S;RIO DE JANEIRO / ESPIRITO SANTO;RIO DE JANEIRO;RIO DE JANEIRO;Retirada (RT)
PAY TV - 4ª ABORD. HUB RE;BACKBONE;FO-05;RAL-96989/2026;16/02/2026 - 18:11;3d.00h20m;5;RT/RJO /SU2/NET/FO;-;;E;-;S;RIO DE JANEIRO / ESPIRITO SANTO;Oeste;Centro Sul;Retirada (RT)
CBACXPAAOLT01;BACKBONE;FO-01;RAL-101481/2026;18/02/2026 - 22:23;0d.18h38m;3;RC/CBA /CO /NET/FO;2;;E;-;S;CUIABA;CUIABA;CENTRO OESTE;Recuperação (RC)
RJOBOTRTD01 X RJOTHTSWH01;BACKBONE;FO-01;RAL-101862/2026;19/02/2026 - 06:13;0d.12h20m;3;RT/RJO /CZS/NET/FO;-;;E;-;S;RIO DE JANEIRO / ESPIRITO SANTO;Norte 3;Norte 3;Retirada (RT)
SWAP FIBRA ALTAREDE ARBU;BACKBONE;MT-99;RAL-102538/2026;19/02/2026 - 10:08;0d.08h24m;3;RT/RJO /LGS/NET/FO;-;;E;-;S;RIO DE JANEIRO / ESPIRITO SANTO;RIO DE JANEIRO;RIO DE JANEIRO;Retirada (RT)
SEABCPAAOLT01_ESSER09_P01;BACKBONE;FO-01;RAL-102844/2026;19/02/2026 - 11:24;0d.07h02m;3;RT/VTA /MTN/FFA/FO;-;;E;-;S;RIO DE JANEIRO / ESPIRITO SANTO;VITÓRIA;METROPOLITANA;Retirada (RT)
RJOBTFAAOLT01 RJBOTI7 P1;BACKBONE;FO-01;RAL-103098/2026;19/02/2026 - 12:26;0d.05h58m;3;RT/RJO /CZS/NET/FO;-;;E;-;S;RIO DE JANEIRO / ESPIRITO SANTO;Norte 3;Norte 3;Retirada (RT)
RJOBTFADOLT01_RJLRJ11_P02;BACKBONE;FO-01;RAL-103258/2026;19/02/2026 - 13:26;0d.05h00m;3;RT/RJO /CZS/NET/FO;-;;E;-;S;RIO DE JANEIRO / ESPIRITO SANTO;Norte 3;Norte 3;Retirada (RT)
NIUMCTAAOLT01_RJNIG20_P02;BACKBONE;FO-01;RAL-103993/2026;19/02/2026 - 17:02;0d.01h28m;3;RT/RJO /BX1/NET/FO;-;F101976;E;-;S;RIO DE JANEIRO / ESPIRITO SANTO;BAIXADA;Sul 2;Retirada (RT)
PMJPSOABOLT01;BACKBONE;FO-01;RAL-103994/2026;19/02/2026 - 17:02;0d.01h30m;2;RT/PMJ /CO /NET/FO;-;;E;-;S;PALMAS;PALMAS;CENTRO OESTE;Retirada (RT)
PMJARNAAOLT01;BACKBONE;FO-01;RAL-104007/2026;19/02/2026 - 17:05;0d.01h30m;2;RT/PMJ /CO /NET/FO;-;;E;-;S;PALMAS;PALMAS;CENTRO OESTE;Retirada (RT)
RJOBTFANOLT01-RJLRJ06_P02;BACKBONE;FO-01;RAL-104226/2026;19/02/2026 - 18:33;0d.00h04m;2;DP/RJO /AM /NET/FO;-;;E;-;S;RIO DE JANEIRO / ESPIRITO SANTO;RIO;RIO;Despacho (DP)
RJO D4LLINRJO MIDLINB1S;COLETOR;CB-99;RAL-500458/2025;15/08/2025 - 20:33;184d.12h17m;3;DP/RJO /AM /NET/FO;-;TRICKSC;E;-;S;RIO DE JANEIRO / ESPIRITO SANTO;RIO;RIO;Despacho (DP)
NODE B AMMNSU6 X AMMNSJ3;COLETOR;CB-99;RAL-18594/2026;11/01/2026 - 04:57;39d.13h38m;2;RT/MNS /NO /NET/FO;1;;E;-;S;MANAUS;MANAUS;NORTE;Retirada (RT)
RJO RCLINERJO 6TZLINB1S;COLETOR;FO-01;RAL-23388/2026;13/01/2026 - 12:13;37d.06h07m;4;DP/RJO /AM /NET/FO;1;TRICKSC;E;-;S;RIO DE JANEIRO / ESPIRITO SANTO;RIO;RIO;Despacho (DP)
NODE B AMMNS64 X AMMNS44;COLETOR;CB-99;RAL-30300/2026;16/01/2026 - 08:37;34d.09h56m;2;RT/MNS /NO /NET/FO;-;;E;-;S;MANAUS;MANAUS;NORTE;Retirada (RT)
RJO E6LLINRJO R4JLINB1S;COLETOR;FO-01;RAL-80512/2026;09/02/2026 - 12:13;10d.05h59m;3;RT/RJO /NO1/NET/FO;-;;E;-;S;RIO DE JANEIRO / ESPIRITO SANTO;RIO;RIO;Retirada (RT)
NODE B AMMNS94 X AMMNS34;COLETOR;CB-99;RAL-84190/2026;10/02/2026 - 17:48;9d.00h45m;2;RT/MNS /NO /NET/FO;-;;E;-;S;MANAUS;MANAUS;NORTE;Retirada (RT)
NODE B/ES VIT34/ES VIT20(;COLETOR;FO-01;RAL-84409/2026;10/02/2026 - 20:14;8d.22h15m;2;RT/VTA /MTN/FFA/FO;-;;E;-;S;RIO DE JANEIRO / ESPIRITO SANTO;VITÓRIA;METROPOLITANA;Retirada (RT)
NODE B/MG PLA09/MG PAMI3;COLETOR;CL-05;RAL-100337/2026;18/02/2026 - 14:21;1d.04h13m;2;RT/BHE /ES /FFA/FO;-;;E;-;S;BELO HORIZONTE;BELO HORIZONTE;MINAS GERAIS;Retirada (RT)
RUP NODEB MTCBA05-RMC02;COLETOR;CT-99;RAL-101291/2026;18/02/2026 - 18:46;0d.12h56m;3;RC/CBA /CO /NET/FO;3;;E;-;S;CUIABA;CUIABA;CENTRO OESTE;Recuperação (RC)
NODE B MTVAZ50 X MTCBA05;COLETOR;CT-99;RAL-101360/2026;18/02/2026 - 20:03;0d.22h16m;2;RT/CBA /CO /NET/FO;-;;E;-;S;CUIABA;CUIABA;CENTRO OESTE;Retirada (RT)
NODE B AMMNSA6 X AMMAO26;COLETOR;CB-99;RAL-101430/2026;18/02/2026 - 21:11;0d.21h23m;2;RT/MNS /NO /NET/FO;-;;E;-;S;MANAUS;MANAUS;NORTE;Retirada (RT)
NODE B/RJ RAM02/RJ INH01(;COLETOR;CL-01;RAL-101472/2026;18/02/2026 - 22:00;0d.20h33m;2;RT/RJO /NO1/NET/FO;-;;E;-;S;RIO DE JANEIRO / ESPIRITO SANTO;RIO;RIO;Retirada (RT)
NODE B/ RJNIT25/ RJNIT16;COLETOR;CB-99;RAL-101801/2026;19/02/2026 - 05:03;0d.13h34m;2;RT/RJO /MTP/NET/FO;-;;E;-;S;RIO DE JANEIRO / ESPIRITO SANTO;RIO DE JANEIRO;METROPOLITANA;Retirada (RT)
NODE B MTSVGR2 X MTCBAR9;COLETOR;CB-99;RAL-101817/2026;19/02/2026 - 05:15;0d.13h19m;2;RT/CBA /CO /NET/FO;-;;E;-;S;CUIABA;CUIABA;CENTRO OESTE;Retirada (RT)
NODE B/PE JBO14/PE IPJ07;COLETOR;CL-05;RAL-102141/2026;19/02/2026 - 08:49;0d.09h48m;2;RT/RCE /NE /NET/FO;-;;E;-;S;RECIFE;RECIFE;NORDESTE;Retirada (RT)
NODE B/RJ BUZ27/RJ BUZ25(;COLETOR;CL-01;RAL-102164/2026;19/02/2026 - 08:54;0d.09h39m;2;RT/RJO /LGS/NET/FO;-;;E;-;S;RIO DE JANEIRO / ESPIRITO SANTO;RIO DE JANEIRO;RIO DE JANEIRO;Retirada (RT)
NODE B/RJ RMP01/RJ MAK06(;COLETOR;CL-01;RAL-102241/2026;19/02/2026 - 09:09;0d.09h12m;2;RT/RJO /MTP/NET/FO;-;;E;-;S;RIO DE JANEIRO / ESPIRITO SANTO;RIO DE JANEIRO;METROPOLITANA;Retirada (RT)
EVENTO_MTP_19_02_OCEANICA;COLETOR;CB-99;RAL-102420/2026;19/02/2026 - 08:54;0d.09h43m;2;RT/RJO /MTP/NET/FO;9;;E;-;S;RIO DE JANEIRO / ESPIRITO SANTO;RIO DE JANEIRO;METROPOLITANA;Retirada (RT)
NAO CLA   PALNL01   DP*V;COLETOR;FO-99;RAL-102704/2026;19/02/2026 - 10:47;0d.07h45m;2;RT/PMJ /CO /NET/FO;-;;E;-;S;PALMAS;PALMAS;CENTRO OESTE;Retirada (RT)
PABLM68  X PABLM31;COLETOR;CB-99;RAL-102841/2026;19/02/2026 - 11:24;0d.07h00m;2;RT/BLM /NO /NET/FO;-;;E;-;S;BELÉM;BELÉM;NORTE;Retirada (RT)
NODE B/MG SLG52/MG SLG46;COLETOR;CL-05;RAL-102895/2026;19/02/2026 - 11:36;0d.06h54m;2;RT/BHE /ES /FFA/FO;-;;E;-;S;BELO HORIZONTE;BELO HORIZONTE;MINAS GERAIS;Retirada (RT)
NODE B/RJ MCE53/RJ MCE40(;COLETOR;CL-01;RAL-103057/2026;19/02/2026 - 12:20;0d.06h15m;2;RT/RJO /NOF/NET/FO;-;;E;-;S;RIO DE JANEIRO / ESPIRITO SANTO;NORTE FLUMINENSE;NORTE FLUMINENSE;Retirada (RT)
NODE B/RJ MCE06/RJ MCE05(;COLETOR;CL-01;RAL-103064/2026;19/02/2026 - 12:21;0d.06h15m;2;RT/RJO /NOF/NET/FO;-;;E;-;S;RIO DE JANEIRO / ESPIRITO SANTO;NORTE FLUMINENSE;NORTE FLUMINENSE;Retirada (RT)
NODE B/RJ RDB41/RJ GUA11(;COLETOR;CL-01;RAL-103070/2026;19/02/2026 - 12:22;0d.06h04m;2;RT/RJO /OE1/NET/FO;-;;E;-;S;RIO DE JANEIRO / ESPIRITO SANTO;Centro Sul;Centro Sul;Retirada (RT)
NODE B/RJ MAD11/RJ JAC51(;COLETOR;CL-01;RAL-103080/2026;19/02/2026 - 12:23;0d.06h01m;2;RT/RJO /NO2/NET/FO;-;;E;-;S;RIO DE JANEIRO / ESPIRITO SANTO;Norte 1;Norte 1;Retirada (RT)
NODE B MTCBA0H X MTCBA01;COLETOR;CB-99;RAL-103194/2026;19/02/2026 - 13:01;0d.05h22m;2;RT/CBA /CO /NET/FO;-;;E;-;S;CUIABA;CUIABA;CENTRO OESTE;Retirada (RT)
APMPA12  X APMPA05;COLETOR;CB-99;RAL-103208/2026;19/02/2026 - 13:05;0d.05h25m;2;RT/MPA /NO /NET/FO;-;;E;-;S;MACAPÁ;MACAPÁ;NORTE;Retirada (RT)
NODE B/MG COW37/MG CMN02(;COLETOR;CL-01;RAL-103216/2026;19/02/2026 - 13:11;0d.00h08m;6;DP/BHE /ES /NET/FO;-;;E;-;S;BARBACENA;BARBACENA;MINAS GERAIS;Despacho (DP)
APMPA91  X APMPA26;COLETOR;CB-99;RAL-103222/2026;19/02/2026 - 13:12;0d.05h23m;2;RT/MPA /NO /NET/FO;-;;E;-;S;MACAPÁ;MACAPÁ;NORTE;Retirada (RT)
EVENTO_CZS_19_02_RJBOT91_;COLETOR;CB-99;RAL-103329/2026;19/02/2026 - 13:55;0d.04h42m;2;RT/RJO /CZS/NET/FO;3;;E;-;S;RIO DE JANEIRO / ESPIRITO SANTO;Norte 3;Norte 3;Retirada (RT)
NODE B PEJBOA9 X PEJBO86;COLETOR;CB-99;RAL-103588/2026;19/02/2026 - 15:13;0d.03h24m;2;RT/RCE /NE /NET/FO;-;;E;-;S;RECIFE;RECIFE;NORDESTE;Retirada (RT)
NODE B RJCEN91 X RJCEN05;COLETOR;CT-99;RAL-103643/2026;19/02/2026 - 15:25;0d.02h59m;2;RT/RJO /CZS/NET/FO;-;;E;-;S;RIO DE JANEIRO / ESPIRITO SANTO;Norte 3;Norte 3;Retirada (RT)
NODE B PAMBA32 X PAMBA04;COLETOR;CB-99;RAL-103804/2026;19/02/2026 - 16:05;0d.02h33m;1;DP/BLM /NO /NET/BS;-;;E;-;S;BELEM;BELEM;NORTE;Despacho (DP)
NODE B GOGNAK7 X GOCEN02;COLETOR;CB-99;RAL-103806/2026;19/02/2026 - 16:06;0d.02h30m;2;RT/GNA /CO /NET/FO;-;;E;-;S;GOIÂNIA;GOIÂNIA;Rio Branco;Retirada (RT)
NODE B RJNIG56 X RJBFR01;COLETOR;CB-99;RAL-103810/2026;19/02/2026 - 16:07;0d.02h20m;2;RT/RJO /BX1/NET/FO;-;F101976;E;-;S;RIO DE JANEIRO / ESPIRITO SANTO;BAIXADA;Sul 2;Retirada (RT)
NODE B RJNIG05 X RJBFR86;COLETOR;CT-99;RAL-103825/2026;19/02/2026 - 16:13;0d.02h19m;2;RT/RJO /BX1/NET/FO;-;F101976;E;-;S;RIO DE JANEIRO / ESPIRITO SANTO;BAIXADA;Sul 2;Retirada (RT)
NODE B/MG GVD80/MG ENC01(;COLETOR;CL-01;RAL-103837/2026;19/02/2026 - 16:16;0d.02h14m;2;RT/GVS /JK /FFA/FO;-;;E;-;S;GOVERNADOR VALADARES;GOVERNADOR VALADARES;MINAS GERAIS;Retirada (RT)
NODE B RJNIGB4 X RJNIG05;COLETOR;CT-99;RAL-103845/2026;19/02/2026 - 16:18;0d.02h16m;2;RT/RJO /BX1/NET/FO;-;;E;-;S;RIO DE JANEIRO / ESPIRITO SANTO;BAIXADA;Sul 2;Retirada (RT)
NODE B RJNIGC8 X RJNIGC7;COLETOR;CB-99;RAL-103954/2026;19/02/2026 - 16:48;0d.01h32m;2;RT/RJO /BX1/NET/FO;-;F101976;E;-;S;RIO DE JANEIRO / ESPIRITO SANTO;BAIXADA;Sul 2;Retirada (RT)
NODE B RJPIR01 X RJBPI01;COLETOR;CB-99;RAL-103998/2026;19/02/2026 - 17:02;0d.01h28m;2;RT/RJO /SUF/NET/FO;-;;E;-;S;RIO DE JANEIRO / ESPIRITO SANTO;SUL FLUMINENSE;SUL FLUMINENSE;Retirada (RT)
NODE B RJBFR15 X RJBFR13;COLETOR;CT-99;RAL-104029/2026;19/02/2026 - 17:13;0d.01h12m;2;RT/RJO /BX1/NET/FO;-;F101976;E;-;S;RIO DE JANEIRO / ESPIRITO SANTO;BAIXADA;Sul 2;Retirada (RT)
ACG JP DM ACG PAIDM 1G;COLETOR;CD-34;RAL-104054/2026;19/02/2026 - 17:21;0d.01h02m;3;RT/GNA /CO /NET/FO;-;;E;-;S;GOIÂNIA;GOIÂNIA;Rio Branco;Retirada (RT)
NODE B PAMBA33 X PAMBA31;COLETOR;CB-99;RAL-104109/2026;19/02/2026 - 17:43;0d.00h52m;3;RT/MBA /QE /NET/FO;-;;E;-;S;MARABÁ;MARABÁ;MARABÁ;Retirada (RT)
NODE B ESBJI01 X ESAPI01;COLETOR;CT-99;RAL-104124/2026;19/02/2026 - 17:49;0d.00h32m;2;RT/VTA /SUL/FFA/FO;-;;E;-;S;RIO DE JANEIRO / ESPIRITO SANTO;VITÓRIA;SUL;Retirada (RT)
NODE B TOTAQ07 X TOPMJ01;COLETOR;CB-99;RAL-104139/2026;19/02/2026 - 17:54;0d.00h39m;2;RT/PMJ /CO /NET/FO;-;;E;-;S;PALMAS;PALMAS;CENTRO OESTE;Retirada (RT)
NODE B/MG BAR23/MG BAR22(;COLETOR;CL-01;RAL-104157/2026;19/02/2026 - 18:03;0d.00h21m;2;RT/BHE /ES /FFA/FO;-;;E;-;S;BELO HORIZONTE;BELO HORIZONTE;MINAS GERAIS;Retirada (RT)
NODE B MSTLS20 X MSTLS16;COLETOR;CB-99;RAL-104173/2026;19/02/2026 - 18:12;0d.00h17m;2;RT/CPE /CO /NET/FO;-;;E;-;S;CAMPO GRANDE;CAMPO GRANDE;CENTRO OESTE;Retirada (RT)
NODE B MSTLS24 X MSTLS23;COLETOR;CB-99;RAL-104177/2026;19/02/2026 - 18:14;0d.00h17m;2;RT/CPE /CO /NET/FO;-;;E;-;S;CAMPO GRANDE;CAMPO GRANDE;CENTRO OESTE;Retirada (RT)
NODE B/CE SGAR5/CE SGA02(;COLETOR;FO-01;RAL-104196/2026;19/02/2026 - 18:20;0d.00h10m;2;RT/FLA /CE /NET/FO;-;;E;-;S;FORTALEZA;FORTALEZA;FORTALEZA;Retirada (RT)
NODE B/BA EUS25/BA EUS1E(;COLETOR;CL-01;RAL-104199/2026;19/02/2026 - 18:22;0d.00h15m;2;RT/ITB /BR /SUL/FO;-;;E;-;S;VITÓRIA DA CONQUISTA;VITÓRIA DA CONQUISTA;BAHIA;Retirada (RT)
NODE B PABLM36 X PAAIU28;COLETOR;CB-99;RAL-104204/2026;19/02/2026 - 18:24;0d.00h02m;2;RT/BLM /NO /NET/FO;-;;E;-;S;BELÉM;BELÉM;NORTE;Retirada (RT)
RUP NODEB PABLM33-RMC02;COLETOR;CB-99;RAL-104211/2026;19/02/2026 - 18:28;0d.00h10m;1;DP/BLM /NO /NET/FO;-;;E;-;S;BELÉM;BELÉM;NORTE;Despacho (DP)
NODE B PASBJ01 X PASAS04;COLETOR;CB-99;RAL-104227/2026;19/02/2026 - 18:35;0d.00h03m;1;DP/BLM /NO /NET/FO;-;;E;-;S;BELÉM;BELÉM;NORTE;Despacho (DP)
NODE B MACKA02 X MACKA01;COLETOR;CB-99;RAL-104233/2026;19/02/2026 - 18:38;0d.00h00m;1;DP/BLM /NO /NET/FO;-;;E;-;S;BELÉM;BELÉM;NORTE;Despacho (DP)
SGO UUNLINSGO 0OXLINB1S;ACESSO CLIENTE;MT-01;RAL-696468/2025;11/11/2025 - 16:08;85d.02h06m;9;DP/RJO /AM /NET/FO;-;TRICKSC;E;-;S;RIO DE JANEIRO / ESPIRITO SANTO;RIO;RIO;Despacho (DP)
MNS TYX   MNS 2UA   B0480;ACESSO CLIENTE;SV-99;RAL-35475/2026;19/01/2026 - 12:35;31d.05h37m;4;RT/MNS /NO /NET/FO;-;;E;-;S;MANAUS;MANAUS;NORTE;Retirada (RT)
PAT 0DYLINTRIJSPLINEB1S;ACESSO CLIENTE;MT-27;RAL-77753/2026;07/02/2026 - 15:33;12d.02h27m;4;RT/RJO /SUF/NET/FO;4;;E;-;S;RIO DE JANEIRO / ESPIRITO SANTO;SUL FLUMINENSE;SUL FLUMINENSE;Retirada (RT)
MBA 0HXLINMBA 0I0LINB1S;ACESSO CLIENTE;MT-01;RAL-83068/2026;10/02/2026 - 11:32;9d.07h05m;2;RT/MBA /QE /NET/FO;-;;E;-;S;MARABÁ;MARABÁ;MARABÁ;Retirada (RT)
DM4370_SLS24V-01 PORTA 1/;ACESSO CLIENTE;FO-99;RAL-92744/2026;13/02/2026 - 16:50;6d.01h35m;2;RT/SLS /CE /NET/FO;-;;E;-;S;SÃO LUÍS;SÃO LUIS;NORTE;Retirada (RT)
RJO A8V   RJO 4CG   1G;ACESSO CLIENTE;FO-99;RAL-102261/2026;19/02/2026 - 09:13;0d.08h48m;3;RT/RJO /NO3/PCS/FO;-;;E;-;S;RIO DE JANEIRO / ESPIRITO SANTO;RIO DE JANEIRO;NORTE 3;Retirada (RT)
SWAP VIVO BOT X GVS;PROGRAMADA;MT-99;RAL-729303/2025;26/11/2025 - 15:51;83d.05h14m;8;RC/BHE /ES /NET/SG;-;;E;-;S;Unknown;Unknown;Unknown;Unknown
SWAP V.TAL CNL X BCA;PROGRAMADA;MT-99;RAL-39092/2026;20/01/2026 - 16:01;30d.02h06m;19;RT/JFA /JC /FFA/FO;-;;E;-;S;JUIZ DE FORA;JUIZ DE FORA;MINAS GERAIS;Retirada (RT)
SWAP V.TAL CNL X BCA;PROGRAMADA;MT-99;RAL-39092/2026;20/01/2026 - 16:01;0d.06h14m;22;RT/CNL /AK /FFA/FO;-;;E;-;S;CONSELHEIRO LAFAIETE;CONSELHEIRO LAFAIETE;MINAS GERAIS;Retirada (RT)
RJO AM    RJO 1SG   OTS;QUALIDADE;MT-26;RAL-662297/2023;15/12/2023 - 15:33;797d.02h27m;6;RC/RJO /NO3/NET/FO;-;WGOMESA;E;-;S;RIO DE JANEIRO / ESPIRITO SANTO;Norte 2;Norte 2;Recuperação (RC)
RJO AM    RJO NBF   OTS;QUALIDADE;MT-27;RAL-50286/2024;25/01/2024 - 14:28;167d.12h01m;8;RC/RJO /AM /NET/SG;-;;E;-;S;Unknown;Unknown;Unknown;Unknown
RJO AMANELRJO ENANELB16S;QUALIDADE;MT-26;RAL-155643/2024;16/03/2024 - 17:49;167d.12h02m;10;RC/RJO /AM /NET/SG;-;;E;-;S;Unknown;Unknown;Unknown;Unknown
RJO EN    SERPBR    OTS;QUALIDADE;MT-05;RAL-164542/2024;20/03/2024 - 18:08;696d.08h03m;7;RT/RJO /BX1/NET/FO;-;DAGOMES;E;-;S;RIO DE JANEIRO / ESPIRITO SANTO;BAIXADA;Sul 2;Retirada (RT)
RJO AM    TANGBR    B40W;QUALIDADE;MT-26;RAL-283582/2024;17/05/2024 - 11:55;131d.06h55m;10;RC/RJO /AM /NET/SG;2;;E;-;S;Unknown;Unknown;Unknown;Unknown
DQX TB    RJO AM    OTS;QUALIDADE;FO-99;RAL-368360/2024;26/06/2024 - 10:02;174d.05h20m;6;RT/RJO /NO2/NET/FO;1;DAGOMES;E;-;S;RIO DE JANEIRO / ESPIRITO SANTO;Norte 1;Norte 1;Retirada (RT)
ARS PP    PAT MC    B4OW;QUALIDADE;MT-05;RAL-379421/2024;01/07/2024 - 16:13;405d.10h57m;6;RT/RJO /SUF/NET/FO;6;F196679;E;-;S;RIO DE JANEIRO / ESPIRITO SANTO;SUL FLUMINENSE;SUL FLUMINENSE;Retirada (RT)
ARS PP    RJO HL    OCH;QUALIDADE;MT-05;RAL-379847/2024;01/07/2024 - 20:13;597d.11h06m;8;RT/RJO /SUF/NET/FO;-;F196679;E;-;S;RIO DE JANEIRO / ESPIRITO SANTO;SUL FLUMINENSE;SUL FLUMINENSE;Retirada (RT)
RJO 1SG   RJO 1SG   LU;QUALIDADE;CB-99;RAL-413711/2024;18/07/2024 - 00:09;174d.06h42m;8;RT/RJO /NO3/PCS/FO;1;WGOMESA;E;-;S;RIO DE JANEIRO / ESPIRITO SANTO;RIO DE JANEIRO;NORTE 3;Retirada (RT)
RJO EN    RJO 4WR   OTS;QUALIDADE;MT-99;RAL-416237/2024;18/07/2024 - 17:39;174d.06h29m;8;RT/RJO /NO2/NET/FO;1;DAGOMES;E;-;S;RIO DE JANEIRO / ESPIRITO SANTO;Norte 1;Norte 1;Retirada (RT)
NRI ITG   TANGBR    OTS;QUALIDADE;MT-99;RAL-471986/2024;13/08/2024 - 20:35;79d.00h58m;10;RC/RJO /AM /NET/SG;-;;E;-;S;Unknown;Unknown;Unknown;Unknown
PAT MC    PAT MC    L16RO;QUALIDADE;MT-25;RAL-477077/2024;15/08/2024 - 17:44;552d.10h53m;8;RT/RJO /SUF/NET/FO;-;F196679;E;-;S;RIO DE JANEIRO / ESPIRITO SANTO;SUL FLUMINENSE;SUL FLUMINENSE;Retirada (RT)
RJOPNHAEOLT01_RJPNH15_P01;QUALIDADE;FO-05;RAL-682023/2024;09/11/2024 - 02:00;467d.16h23m;5;RT/RJO /NO1/NET/FO;-;VALLUIZ;E;-;S;RIO DE JANEIRO / ESPIRITO SANTO;RIO;RIO;Retirada (RT)
JFA JC    PBS PRB   OTS;QUALIDADE;MT-05;RAL-692180/2024;13/11/2024 - 18:02;0d.05h52m;14;RC/RJO /AM /NET/SG;-;;E;-;S;Unknown;Unknown;Unknown;Unknown
RJO AC    RJO EN    B16W;QUALIDADE;MT-26;RAL-728256/2024;29/11/2024 - 15:37;446d.21h04m;8;RT/RJO /NO2/NET/FO;-;DAGOMES;E;-;S;RIO DE JANEIRO / ESPIRITO SANTO;Norte 1;Norte 1;Retirada (RT)
RJO AM    TANGBR    OTS;QUALIDADE;MT-05;RAL-731210/2024;01/12/2024 - 14:15;171d.03h00m;8;RC/RJO /AM /NET/SG;-;;E;-;S;Unknown;Unknown;Unknown;Unknown
PBS PRB   VAS TV    OTS;QUALIDADE;MT-05;RAL-776581/2024;18/12/2024 - 18:49;427d.23h20m;6;RT/RJO /SUF/NET/FO;-;F196679;E;-;S;RIO DE JANEIRO / ESPIRITO SANTO;SUL FLUMINENSE;SUL FLUMINENSE;Retirada (RT)
RJOVGLABOLT01_RJPNH26_P02;QUALIDADE;FO-05;RAL-791581/2024;26/12/2024 - 14:44;420d.03h15m;5;RT/RJO /NO1/NET/FO;-;VALLUIZ;E;-;S;RIO DE JANEIRO / ESPIRITO SANTO;RIO;RIO;Retirada (RT)
DEU VIV   PQIAFC    OTS;QUALIDADE;MD-11;RAL-4321/2025;03/01/2025 - 13:30;61d.08h03m;14;RC/SLS /CE /NET/SG;-;;E;-;S;Unknown;Unknown;Unknown;Unknown
RJO GBN   RJO HL    OTS;QUALIDADE;MT-99;RAL-23669/2025;13/01/2025 - 11:59;168d.09h59m;16;RC/RJO /AM /NET/SG;-;;E;-;S;Unknown;Unknown;Unknown;Unknown
MESQV2E   RJO EN    OTS;QUALIDADE;MT-26;RAL-27509/2025;14/01/2025 - 17:46;400d.23h19m;5;RT/RJO /BX1/NET/FO;-;DAGOMES;E;-;S;RIO DE JANEIRO / ESPIRITO SANTO;BAIXADA;Sul 2;Retirada (RT)
NVODKB    SIS KB    OTS;QUALIDADE;MT-05;RAL-83556/2025;07/02/2025 - 11:52;369d.06h33m;5;RC/SLS /CE /NET/SG;-;;E;-;S;Unknown;Unknown;Unknown;Unknown
NOF AMB   TRL TPG   OTS;QUALIDADE;MT-99;RAL-97698/2025;13/02/2025 - 17:31;370d.23h39m;4;RT/RJO /SEF/NET/FO;2;F196679;E;-;S;RIO DE JANEIRO / ESPIRITO SANTO;SERRA FLUMINENSE;Sul Fluminense;Retirada (RT)
JRG KB    URC KB    OTS;QUALIDADE;MT-05;RAL-112083/2025;19/02/2025 - 16:44;176d.04h04m;9;RC/GNA /CO /NET/SG;-;;E;-;S;Unknown;Unknown;Unknown;Unknown
MPA GG    MPA ISO   OTS;QUALIDADE;CB-99;RAL-114281/2025;20/02/2025 - 11:58;197d.07h05m;15;RC/MPA /NO /NET/SG;-;;E;-;S;Unknown;Unknown;Unknown;Unknown
6500RJOAM03/LIM-2-2-8;QUALIDADE;MT-99;RAL-151237/2025;08/03/2025 - 21:14;345d.12h10m;5;RT/RJO /CZS/NET/FO;-;LUIZHAB;E;-;S;RIO DE JANEIRO / ESPIRITO SANTO;Norte 3;Norte 3;Retirada (RT)
ITZ RC    PQIAFC    OTS;QUALIDADE;MT-27;RAL-157828/2025;11/03/2025 - 21:23;261d.03h44m;10;RC/SLS /CE /NET/SG;-;;E;-;S;Unknown;Unknown;Unknown;Unknown
MGE C04   NRI MPA   OTS;QUALIDADE;MT-04;RAL-158530/2025;12/03/2025 - 08:53;344d.07h15m;4;RT/RJO /BX1/NET/FO;-;DAGOMES;E;-;S;RIO DE JANEIRO / ESPIRITO SANTO;BAIXADA;Sul 2;Retirada (RT)
MGE C04   TRL TPG   OTS;QUALIDADE;MT-04;RAL-158578/2025;12/03/2025 - 09:14;344d.07h01m;4;RT/RJO /BX1/NET/FO;-;DAGOMES;E;-;S;RIO DE JANEIRO / ESPIRITO SANTO;BAIXADA;Sul 2;Retirada (RT)
CUV INT   SLA KB    OTS;QUALIDADE;MT-05;RAL-165711/2025;14/03/2025 - 14:10;87d.08h14m;12;RC/BHE /ES /NET/SG;-;;E;-;S;Unknown;Unknown;Unknown;Unknown
BHE ES    MOD TIM   OTS;QUALIDADE;MT-05;RAL-183954/2025;21/03/2025 - 18:46;86d.08h46m;18;RC/BHE /ES /NET/SG;-;;E;-;S;Unknown;Unknown;Unknown;Unknown
RJO AM    RJO EN    OTS;QUALIDADE;MT-01;RAL-204187/2025;31/03/2025 - 12:44;325d.05h14m;4;RT/RJO /NO3/PCS/FO;-;WGOMESA;E;-;S;RIO DE JANEIRO / ESPIRITO SANTO;RIO DE JANEIRO;NORTE 3;Retirada (RT)
VCA TN    VRDNFL    B40W;QUALIDADE;MT-05;RAL-224093/2025;08/04/2025 - 11:53;254d.23h42m;12;RC/SDR /BA /NET/SG;1;;E;-;S;Unknown;Unknown;Unknown;Unknown
SERPBR    VRD SC    OTS;QUALIDADE;MT-99;RAL-225026/2025;08/04/2025 - 17:40;317d.00h40m;4;RT/RJO /SUF/NET/FO;-;F196679;E;-;S;RIO DE JANEIRO / ESPIRITO SANTO;SUL FLUMINENSE;SUL FLUMINENSE;Retirada (RT)
CEM EP    JML AL    OTS;QUALIDADE;MT-05;RAL-225154/2025;08/04/2025 - 18:43;290d.03h24m;5;RC/BHE /ES /NET/SG;4;;E;-;S;Unknown;Unknown;Unknown;Unknown
RJO 0TF   RJO 4CL   OTS;QUALIDADE;MT-26;RAL-226114/2025;09/04/2025 - 09:39;134d.03h16m;7;RC/RJO /AM /NET/SG;-;;E;-;S;Unknown;Unknown;Unknown;Unknown
CPS CL    GRUSAT    OTS;QUALIDADE;MT-26;RAL-226157/2025;09/04/2025 - 09:50;316d.06h33m;4;RT/RJO /NOF/NET/FO;-;F196679;E;-;S;RIO DE JANEIRO / ESPIRITO SANTO;NORTE FLUMINENSE;NORTE FLUMINENSE;Retirada (RT)
RJO ALO   RJO AM    OTS;QUALIDADE;MT-99;RAL-226546/2025;09/04/2025 - 11:28;22d.00h03m;9;RC/RJO /AM /NET/SG;-;;E;-;S;Unknown;Unknown;Unknown;Unknown
BBL FO    SIS KB    OTS;QUALIDADE;MT-05;RAL-226601/2025;09/04/2025 - 11:47;266d.10h11m;5;RC/SLS /CE /NET/SG;-;;E;-;S;Unknown;Unknown;Unknown;Unknown
BLM QB    CAH BR    OTS;QUALIDADE;MT-05;RAL-227167/2025;09/04/2025 - 14:50;301d.11h48m;10;RC/BLM /NO /NET/SG;-;;E;-;S;Unknown;Unknown;Unknown;Unknown
RCE BV    RCE EAC   OTS;QUALIDADE;MT-05;RAL-227336/2025;09/04/2025 - 15:44;66d.08h09m;8;RC/RCE /NE /NET/SG;-;;E;-;S;Unknown;Unknown;Unknown;Unknown
RJOIRJAEOLT01_RJPNH33_P2;QUALIDADE;FO-05;RAL-234303/2025;12/04/2025 - 17:00;313d.01h24m;3;RT/RJO /NO1/NET/FO;-;VALLUIZ;E;-;S;RIO DE JANEIRO / ESPIRITO SANTO;RIO;RIO;Retirada (RT)
RJOPNHAEOLT01_RJPNH15_P02;QUALIDADE;FO-05;RAL-234314/2025;12/04/2025 - 17:09;313d.01h22m;3;RT/RJO /NO1/NET/FO;-;VALLUIZ;E;-;S;RIO DE JANEIRO / ESPIRITO SANTO;RIO;RIO;Retirada (RT)
RJO JAMLINRJO RCLINEB1S;QUALIDADE;MT-99;RAL-234931/2025;13/04/2025 - 11:09;312d.07h14m;3;RT/RJO /SU2/NET/FO;-;F196679;E;-;S;RIO DE JANEIRO / ESPIRITO SANTO;Oeste;Centro Sul;Retirada (RT)
DQX TEANELRJO AMANELB64S;QUALIDADE;MT-05;RAL-237075/2025;14/04/2025 - 14:51;306d.14h16m;6;RT/RJO /NO1/NET/FO;-;VALLUIZ;E;-;S;RIO DE JANEIRO / ESPIRITO SANTO;RIO;RIO;Retirada (RT)
PTS BR    TRL 0E8   OTS;QUALIDADE;MT-26;RAL-237760/2025;14/04/2025 - 19:25;134d.05h25m;6;RT/RJO /SEF/NET/FO;3;;E;-;S;RIO DE JANEIRO / ESPIRITO SANTO;SERRA FLUMINENSE;Sul Fluminense;Retirada (RT)
MRC MRC   NRI MPA   OTS;QUALIDADE;MT-26;RAL-244941/2025;17/04/2025 - 15:50;171d.02h58m;6;RC/RJO /AM /NET/SG;-;;E;-;S;Unknown;Unknown;Unknown;Unknown
RJOIGVAFOLT01_RJILG21_P02;QUALIDADE;FO-01;RAL-248680/2025;21/04/2025 - 14:20;304d.04h09m;3;RT/RJO /NO1/NET/FO;-;VALLUIZ;E;-;S;RIO DE JANEIRO / ESPIRITO SANTO;RIO;RIO;Retirada (RT)
RJO AM    RJO EN    OTS;QUALIDADE;MT-26;RAL-250961/2025;22/04/2025 - 15:19;286d.09h25m;5;RT/RJO /NO2/NET/FO;-;DAGOMES;E;-;S;RIO DE JANEIRO / ESPIRITO SANTO;Norte 1;Norte 1;Retirada (RT)
CGA P1    IIG LV    OTS;QUALIDADE;MT-05;RAL-251269/2025;22/04/2025 - 16:56;66d.08h30m;23;RC/BHE /ES /NET/SG;-;;E;-;S;Unknown;Unknown;Unknown;Unknown
BPI EB    PBS PRB   OTS;QUALIDADE;MT-26;RAL-252588/2025;23/04/2025 - 09:48;302d.08h29m;3;RT/RJO /SUF/NET/FO;-;F196679;E;-;S;RIO DE JANEIRO / ESPIRITO SANTO;SUL FLUMINENSE;SUL FLUMINENSE;Retirada (RT)
RJO ADLINERJO ASLINEVC4S;QUALIDADE;MT-01;RAL-256359/2025;24/04/2025 - 17:33;301d.00h52m;3;RT/RJO /CZS/NET/FO;-;LUIZHAB;E;-;S;RIO DE JANEIRO / ESPIRITO SANTO;Norte 3;Norte 3;Retirada (RT)
RJO PHA   RJO RMS   B40W;QUALIDADE;MT-26;RAL-257505/2025;25/04/2025 - 09:02;300d.06h38m;4;RT/RJO /NO1/NET/FO;1;VALLUIZ;E;-;S;RIO DE JANEIRO / ESPIRITO SANTO;RIO;RIO;Retirada (RT)
BSA GC    FRM M02   OTS;QUALIDADE;MT-99;RAL-259072/2025;25/04/2025 - 17:43;300d.00h46m;4;RC/BSA /CO /NET/SG;-;;E;-;S;Unknown;Unknown;Unknown;Unknown
AGNPFC    CRN CAR   OTS;QUALIDADE;MT-26;RAL-259517/2025;26/04/2025 - 04:48;281d.08h34m;4;RC/SLS /CE /NET/SG;-;;E;-;S;Unknown;Unknown;Unknown;Unknown
RJO AM    RJO EN    OTS;QUALIDADE;MD-99;RAL-265813/2025;29/04/2025 - 12:37;260d.14h38m;7;RT/RJO /NO3/PCS/FO;-;WGOMESA;E;-;S;RIO DE JANEIRO / ESPIRITO SANTO;RIO DE JANEIRO;NORTE 3;Retirada (RT)
RJOPTGAAOLT01 RJILG34_P01;QUALIDADE;FO-99;RAL-268347/2025;30/04/2025 - 11:29;295d.06h51m;6;RT/RJO /NO1/NET/FO;-;VALLUIZ;E;-;S;RIO DE JANEIRO / ESPIRITO SANTO;RIO;RIO;Retirada (RT)
RJOIGVAAOLT01_RJILG06_P02;QUALIDADE;FO-99;RAL-268360/2025;30/04/2025 - 11:33;295d.06h52m;3;RT/RJO /NO1/NET/FO;-;VALLUIZ;E;-;S;RIO DE JANEIRO / ESPIRITO SANTO;RIO;RIO;Retirada (RT)
RJOIGVADOLT01_RJILG14_P01;QUALIDADE;FO-99;RAL-268414/2025;30/04/2025 - 11:43;295d.06h51m;3;RT/RJO /NO1/NET/FO;-;VALLUIZ;E;-;S;RIO DE JANEIRO / ESPIRITO SANTO;RIO;RIO;Retirada (RT)
CGE FP    IYN AE    OTS;QUALIDADE;MD-11;RAL-272965/2025;02/05/2025 - 16:40;66d.07h15m;14;RT/JPA /NE /NET/FO;-;;E;-;S;JOÃO PESSOA;JOÃO PESSOA;NORDESTE;Retirada (RT)
RJO HL    SERPBR    OTS;QUALIDADE;MT-26;RAL-295758/2025;13/05/2025 - 17:38;170d.18h43m;30;RT/RJO /BX1/NET/FO;-;DAGOMES;E;-;S;RIO DE JANEIRO / ESPIRITO SANTO;BAIXADA;Sul 2;Retirada (RT)
SDR DCN   SDR RC    OTS;QUALIDADE;MT-05;RAL-297115/2025;14/05/2025 - 10:33;2d.01h59m;5;RC/SDR /BA /NET/SG;1;;E;-;S;Unknown;Unknown;Unknown;Unknown
NIU MFPLINRJO PP9LINB1S;QUALIDADE;MT-05;RAL-297569/2025;14/05/2025 - 12:28;281d.05h47m;4;RT/RJO /BX1/NET/FO;1;DAGOMES;E;-;S;RIO DE JANEIRO / ESPIRITO SANTO;BAIXADA;Sul 2;Retirada (RT)
DQX UWFLINDQX 0JOLINB1S;QUALIDADE;MT-05;RAL-299326/2025;15/05/2025 - 08:26;280d.09h28m;4;RT/RJO /BX1/NET/FO;-;DAGOMES;E;-;S;RIO DE JANEIRO / ESPIRITO SANTO;BAIXADA;Sul 2;Retirada (RT)
RJOIRJADOLT01_RJPNH05_P02;QUALIDADE;FO-05;RAL-330720/2025;28/05/2025 - 11:36;267d.06h58m;4;RT/RJO /NO1/NET/FO;2;VALLUIZ;E;-;S;RIO DE JANEIRO / ESPIRITO SANTO;RIO;RIO;Retirada (RT)
RJOPNHABOLT01_RJPNH04_P2;QUALIDADE;FO-99;RAL-331038/2025;28/05/2025 - 13:10;267d.05h17m;3;RT/RJO /NO1/NET/FO;1;VALLUIZ;E;-;S;RIO DE JANEIRO / ESPIRITO SANTO;RIO;RIO;Retirada (RT)
RJOINMAAOLT01_RJRAM02_P2;QUALIDADE;FO-05;RAL-335791/2025;29/05/2025 - 20:35;265d.22h01m;3;RT/RJO /NO1/NET/FO;-;VALLUIZ;E;-;S;RIO DE JANEIRO / ESPIRITO SANTO;RIO;RIO;Retirada (RT)
PTS BR    RJO EN    OTS;QUALIDADE;MT-26;RAL-338332/2025;30/05/2025 - 18:24;264d.23h37m;4;RT/RJO /NO2/NET/FO;-;DAGOMES;E;-;S;RIO DE JANEIRO / ESPIRITO SANTO;Norte 1;Norte 1;Retirada (RT)
RJOINMAFOLT01_RJINH27_P02;QUALIDADE;FO-05;RAL-339561/2025;31/05/2025 - 18:03;264d.00h15m;3;RT/RJO /NO1/NET/FO;-;VALLUIZ;E;-;S;RIO DE JANEIRO / ESPIRITO SANTO;RIO;RIO;Retirada (RT)
RJO AC    RJO EN    B40W;QUALIDADE;MT-25;RAL-340648/2025;01/06/2025 - 17:49;262d.23h23m;4;RT/RJO /NO2/NET/FO;-;DAGOMES;E;-;S;RIO DE JANEIRO / ESPIRITO SANTO;Norte 1;Norte 1;Retirada (RT)
PLKAPLC   RRI C02   OTS;QUALIDADE;MT-26;RAL-346516/2025;04/06/2025 - 04:07;105d.09h10m;13;RC/BLM /NO /NET/SG;-;;E;-;S;Unknown;Unknown;Unknown;Unknown
IMJ BR    TAF BR    OTS;QUALIDADE;MT-05;RAL-348397/2025;04/06/2025 - 16:52;20d.01h28m;36;RC/SDR /BA /NET/SG;-;;E;-;S;Unknown;Unknown;Unknown;Unknown
ENTOKB    PQIAFC    OTS;QUALIDADE;MT-26;RAL-358084/2025;09/06/2025 - 11:27;210d.10h04m;5;RC/SLS /CE /NET/SG;-;;E;-;S;Unknown;Unknown;Unknown;Unknown
CGE FP    JZH INT   OTS;QUALIDADE;MD-11;RAL-363628/2025;11/06/2025 - 12:02;121d.05h32m;28;RT/JPA /NE /NET/FO;-;;E;-;S;JOÃO PESSOA;JOÃO PESSOA;NORDESTE;Retirada (RT)
JCR AL    ROI MD    OTS;QUALIDADE;MD-11;RAL-364362/2025;11/06/2025 - 15:16;59d.10h57m;14;RC/CBA /CO /NET/SG;-;;E;-;S;Unknown;Unknown;Unknown;Unknown
MCO MS    MZC OI    OTS;QUALIDADE;MT-05;RAL-367187/2025;12/06/2025 - 15:20;52d.10h17m;5;RC/MCO /NE /NET/SG;-;;E;-;S;Unknown;Unknown;Unknown;Unknown
RJORAMABOLT01_RJRAM08_VIA;QUALIDADE;FO-99;RAL-369088/2025;13/06/2025 - 12:22;251d.06h12m;2;RT/RJO /NO1/NET/FO;1;VALLUIZ;E;-;S;RIO DE JANEIRO / ESPIRITO SANTO;RIO;RIO;Retirada (RT)
FSA SC5   MLG KB    OTS;QUALIDADE;MT-05;RAL-369782/2025;13/06/2025 - 16:39;93d.06h38m;7;RC/SDR /BA /NET/SG;-;;E;-;S;Unknown;Unknown;Unknown;Unknown
BRJ AD    CNRVOI    OTS;QUALIDADE;MT-05;RAL-377397/2025;17/06/2025 - 19:17;125d.10h45m;48;RC/SLS /CE /NET/SG;-;;E;-;S;Unknown;Unknown;Unknown;Unknown
RJO EN    RJO GBN   OTS;QUALIDADE;MT-99;RAL-379833/2025;18/06/2025 - 17:40;132d.11h08m;11;RC/RJO /AM /NET/SG;-;;E;-;S;Unknown;Unknown;Unknown;Unknown
GVS JK    IIG LV    B40W;QUALIDADE;MT-05;RAL-384481/2025;21/06/2025 - 20:22;71d.08h14m;5;RC/BHE /ES /NET/SG;-;;E;-;S;Unknown;Unknown;Unknown;Unknown
CNRVOI    PNA 01    OTS;QUALIDADE;MD-11;RAL-386953/2025;23/06/2025 - 13:48;90d.03h38m;51;RC/SLS /CE /NET/SG;-;;E;-;S;Unknown;Unknown;Unknown;Unknown
CVZ LB    MNS EM    OTS;QUALIDADE;MD-11;RAL-389331/2025;24/06/2025 - 10:49;239d.10h21m;4;RC/MNS /NO /NET/SG;-;;V;-;S;Unknown;Unknown;Unknown;Unknown
MNC PL    SIR BR    OTS;QUALIDADE;MD-11;RAL-389461/2025;24/06/2025 - 11:21;23d.01h59m;26;RC/BHE /ES /NET/SG;-;;E;-;S;Unknown;Unknown;Unknown;Unknown
CJROFJ    SLPAKB    OTS;QUALIDADE;MT-26;RAL-389984/2025;24/06/2025 - 14:30;239d.04h49m;5;RC/BLM /NO /NET/SG;-;;E;-;S;Unknown;Unknown;Unknown;Unknown
IUB PM    MIH BR    OTS;QUALIDADE;MT-26;RAL-392616/2025;25/06/2025 - 15:34;199d.06h48m;4;RT/GNA /CO /NET/FO;-;;E;-;S;GOIÂNIA;GOIÂNIA;Rio Branco;Retirada (RT)
RJO EN    RJO NT0   OTS;QUALIDADE;MT-99;RAL-400459/2025;29/06/2025 - 15:11;235d.02h59m;4;RT/RJO /NO2/NET/FO;-;DAGOMES;E;-;S;RIO DE JANEIRO / ESPIRITO SANTO;Norte 1;Norte 1;Retirada (RT)
RIOSAT    RJO AM    OTS;QUALIDADE;MT-26;RAL-402237/2025;30/06/2025 - 12:34;134d.04h50m;8;RT/RJO /CZS/NET/FO;-;LUIZHAB;E;-;S;RIO DE JANEIRO / ESPIRITO SANTO;Norte 3;Norte 3;Retirada (RT)
PTA PL    SIB KB    OTS;QUALIDADE;MT-26;RAL-408104/2025;02/07/2025 - 14:38;231d.04h31m;4;RC/RCE /NE /NET/SG;-;;E;-;S;Unknown;Unknown;Unknown;Unknown
CBU RD    TANGBR    OTS;QUALIDADE;MT-99;RAL-413877/2025;05/07/2025 - 02:34;171d.02h59m;9;RC/RJO /AM /NET/SG;-;;E;-;S;Unknown;Unknown;Unknown;Unknown
ILH IO    ITB BR    OTS;QUALIDADE;CB-99;RAL-415194/2025;06/07/2025 - 13:37;28d.11h14m;20;RC/SDR /BA /NET/SG;-;;E;-;S;Unknown;Unknown;Unknown;Unknown
PAT MC    TRIJSP    OTS;QUALIDADE;MT-05;RAL-431495/2025;14/07/2025 - 16:43;220d.01h06m;3;RT/RJO /SUF/NET/FO;-;F196679;E;-;S;RIO DE JANEIRO / ESPIRITO SANTO;SUL FLUMINENSE;SUL FLUMINENSE;Retirada (RT)
COS 01    PSN SN1   OTS;QUALIDADE;MT-26;RAL-432980/2025;15/07/2025 - 11:07;202d.03h38m;5;RC/SLS /CE /NET/SG;-;;E;-;S;Unknown;Unknown;Unknown;Unknown
GNA RD    MIH FP    OTS;QUALIDADE;MD-11;RAL-438938/2025;17/07/2025 - 15:06;199d.06h49m;4;RT/GNA /CO /NET/FO;-;;E;-;S;GOIÂNIA;GOIÂNIA;Rio Branco;Retirada (RT)
ATM AC    VTXUVIV   OTS;QUALIDADE;CB-99;RAL-440565/2025;18/07/2025 - 11:08;105d.09h09m;9;RC/BLM /NO /NET/SG;-;;E;-;S;Unknown;Unknown;Unknown;Unknown
CRU CJV   GUS 0EZ   OTS;QUALIDADE;MT-26;RAL-442680/2025;19/07/2025 - 17:12;183d.06h15m;4;RC/RCE /NE /NET/SG;-;;E;-;S;Unknown;Unknown;Unknown;Unknown
"SWAP FIBRA V.TAL; CRN -ET";QUALIDADE;MT-05;RAL-448351/2025;22/07/2025 - 16:50;109d.11h38m;20;RC/SLS /CE /NET/SG;-;;E;-;S;Unknown;Unknown;Unknown;Unknown
RJO EN    SERPBR    B40W;QUALIDADE;MT-05;RAL-465935/2025;30/07/2025 - 18:28;203d.22h04m;4;RT/RJO /BX1/NET/FO;1;DAGOMES;E;-;S;RIO DE JANEIRO / ESPIRITO SANTO;BAIXADA;Sul 2;Retirada (RT)
MDA BR    VRDNFL    OTS;QUALIDADE;MT-05;RAL-470845/2025;01/08/2025 - 16:16;202d.00h23m;7;RC/SDR /BA /NET/SG;-;;E;-;S;Unknown;Unknown;Unknown;Unknown
AIU VIV   BLM QB    OTS;QUALIDADE;CB-99;RAL-473993/2025;04/08/2025 - 09:50;105d.09h07m;12;RC/BLM /NO /NET/SG;-;;E;-;S;Unknown;Unknown;Unknown;Unknown
NZM INT   RCE AM    OTS;QUALIDADE;MT-05;RAL-490007/2025;11/08/2025 - 16:13;41d.08h26m;7;RC/RCE /NE /NET/SG;-;;E;-;S;Unknown;Unknown;Unknown;Unknown
SLS US    STY OI    OTS;QUALIDADE;MT-05;RAL-492674/2025;12/08/2025 - 16:41;104d.00h37m;24;RC/SLS /CE /NET/SG;-;;E;-;S;Unknown;Unknown;Unknown;Unknown
SEH 0E5   VLE 23    OTS;QUALIDADE;CB-99;RAL-497866/2025;14/08/2025 - 17:35;80d.08h32m;24;RC/SDR /BA /NET/SG;-;;E;-;S;Unknown;Unknown;Unknown;Unknown
BEZ FM    JBO BR    OTS;QUALIDADE;MT-26;RAL-497897/2025;14/08/2025 - 17:49;66d.07h35m;7;RC/RCE /NE /NET/SG;-;;E;-;S;Unknown;Unknown;Unknown;Unknown
PTS BR    TRL TPG   OTS;QUALIDADE;MT-05;RAL-504872/2025;18/08/2025 - 20:00;184d.21h41m;4;RT/RJO /SEF/NET/FO;-;;E;-;S;RIO DE JANEIRO / ESPIRITO SANTO;SERRA FLUMINENSE;Sul Fluminense;Retirada (RT)
CBA MC    JCR AL    OTS;QUALIDADE;MT-01;RAL-510896/2025;21/08/2025 - 09:22;59d.10h59m;11;RC/CBA /CO /NET/SG;-;;E;-;S;Unknown;Unknown;Unknown;Unknown
DQX NAS   MGE C04   OTS;QUALIDADE;MT-26;RAL-518994/2025;25/08/2025 - 16:48;177d.23h45m;4;RT/RJO /BX1/NET/FO;-;DAGOMES;E;-;S;RIO DE JANEIRO / ESPIRITO SANTO;BAIXADA;Sul 2;Retirada (RT)
CAU CH    SDR IT    OTS;QUALIDADE;CB-99;RAL-526614/2025;28/08/2025 - 14:04;78d.08h54m;8;RC/SDR /BA /NET/SG;-;;E;-;S;Unknown;Unknown;Unknown;Unknown
PQT INT   QXA RM    OTS;QUALIDADE;MT-26;RAL-531213/2025;30/08/2025 - 17:28;78d.00h19m;37;RC/FLA /CE /NET/SG;-;;E;-;S;Unknown;Unknown;Unknown;Unknown
RJO AM    RJO NT0   OTS;QUALIDADE;MT-26;RAL-536110/2025;02/09/2025 - 11:29;170d.04h50m;4;RT/RJO /NO3/PCS/FO;-;WGOMESA;E;-;S;RIO DE JANEIRO / ESPIRITO SANTO;RIO DE JANEIRO;NORTE 3;Retirada (RT)
AZS CL1   CVZ LB    OTS;QUALIDADE;MD-11;RAL-536306/2025;02/09/2025 - 12:22;170d.05h38m;9;RC/MNS /NO /NET/SG;-;;E;-;S;Unknown;Unknown;Unknown;Unknown
JIP PV    PBW BRP   OTS;QUALIDADE;MD-11;RAL-537000/2025;02/09/2025 - 16:11;43d.05h28m;5;RC/PVO /CO /NET/SG;-;;E;-;S;Unknown;Unknown;Unknown;Unknown
AQS TN    JIP PV    OTS;QUALIDADE;MD-11;RAL-537161/2025;02/09/2025 - 16:55;43d.05h29m;5;RC/PVO /CO /NET/SG;-;;E;-;S;Unknown;Unknown;Unknown;Unknown
RJO EN    SERPBR    OTS;QUALIDADE;MT-05;RAL-540350/2025;03/09/2025 - 20:20;168d.21h34m;5;RT/RJO /BX1/NET/FO;-;DAGOMES;E;-;S;RIO DE JANEIRO / ESPIRITO SANTO;BAIXADA;Sul 2;Retirada (RT)
PBI PRB   SERPBR    OTS;QUALIDADE;MT-26;RAL-541324/2025;04/09/2025 - 10:27;168d.07h30m;4;RT/RJO /BX1/NET/FO;1;DAGOMES;E;-;S;RIO DE JANEIRO / ESPIRITO SANTO;BAIXADA;Sul 2;Retirada (RT)
CBU RD    CPS CL    OTS;QUALIDADE;MT-01;RAL-545114/2025;05/09/2025 - 15:18;167d.03h01m;3;RT/RJO /LGS/NET/FO;-;F196679;E;-;S;RIO DE JANEIRO / ESPIRITO SANTO;RIO DE JANEIRO;RIO DE JANEIRO;Retirada (RT)
BHE ES    PRS PMC   OTS;QUALIDADE;MT-05;RAL-550069/2025;08/09/2025 - 19:58;130d.05h00m;5;RC/BHE /ES /NET/SG;-;;E;-;S;Unknown;Unknown;Unknown;Unknown
BBI AC    IBY VS    OTS;QUALIDADE;MT-26;RAL-556523/2025;11/09/2025 - 06:43;130d.05h01m;9;RC/BHE /ES /NET/SG;-;;E;-;S;Unknown;Unknown;Unknown;Unknown
HUT PT    MIC RL    OTS;QUALIDADE;MT-27;RAL-561240/2025;12/09/2025 - 19:02;151d.11h30m;4;RC/MNS /NO /NET/SG;-;;E;-;S;Unknown;Unknown;Unknown;Unknown
RJO AM    TANGBR    OTS;QUALIDADE;MT-26;RAL-564165/2025;15/09/2025 - 08:28;157d.06h13m;4;RT/RJO /CZS/NET/FO;-;LUIZHAB;E;-;S;RIO DE JANEIRO / ESPIRITO SANTO;Norte 3;Norte 3;Retirada (RT)
ALH TPY   ONN CH    OTS;QUALIDADE;MT-27;RAL-571963/2025;17/09/2025 - 18:34;65d.10h34m;9;RC/SDR /BA /NET/SG;-;;E;-;S;Unknown;Unknown;Unknown;Unknown
JEE BR    MLG KB    B40W;QUALIDADE;MT-05;RAL-576339/2025;19/09/2025 - 15:06;145d.08h03m;4;RC/SDR /BA /NET/SG;-;;E;-;S;Unknown;Unknown;Unknown;Unknown
PBI PRB   VAS TV    OTS;QUALIDADE;MT-99;RAL-577431/2025;20/09/2025 - 06:05;152d.12h08m;4;RT/RJO /SUF/NET/FO;-;LUIZHAB;E;-;S;RIO DE JANEIRO / ESPIRITO SANTO;SUL FLUMINENSE;SUL FLUMINENSE;Retirada (RT)
RJO EN    SERPBR    OTS;QUALIDADE;MT-26;RAL-577742/2025;20/09/2025 - 11:36;152d.06h59m;3;RT/RJO /BX1/NET/FO;-;DAGOMES;E;-;S;RIO DE JANEIRO / ESPIRITO SANTO;BAIXADA;Sul 2;Retirada (RT)
BBA GA    MIC AT    OTS;QUALIDADE;MT-26;RAL-579048/2025;21/09/2025 - 14:59;125d.18h25m;4;RC/MNS /NO /NET/SG;-;;E;-;S;Unknown;Unknown;Unknown;Unknown
MCO MS    SMM SM3   OTS;QUALIDADE;MT-05;RAL-581303/2025;22/09/2025 - 12:32;52d.10h12m;5;RC/MCO /NE /NET/SG;-;;E;-;S;Unknown;Unknown;Unknown;Unknown
BND DC    SYW FD    OTS;QUALIDADE;MT-05;RAL-581443/2025;22/09/2025 - 13:13;150d.05h16m;3;RT/CPE /CO /NET/FO;1;;E;-;S;CAMPO GRANDE;CAMPO GRANDE;CENTRO OESTE;Retirada (RT)
CXS VO    TSA AN    OTS;QUALIDADE;MT-05;RAL-581800/2025;22/09/2025 - 14:38;150d.02h25m;6;RC/SLS /CE /NET/SG;-;;E;-;S;Unknown;Unknown;Unknown;Unknown
ALQ 0E2   SRM SP    OTS;QUALIDADE;MT-05;RAL-582475/2025;22/09/2025 - 16:50;149d.21h17m;6;RC/BLM /NO /NET/SG;-;;E;-;S;Unknown;Unknown;Unknown;Unknown
ITQ BR    PDG BR    OTS;QUALIDADE;MT-05;RAL-582640/2025;22/09/2025 - 17:20;149d.04h05m;7;RC/CBA /CO /NET/SG;-;;E;-;S;Unknown;Unknown;Unknown;Unknown
MHU SAO VOA VO1 OTS 001;QUALIDADE;CB-99;RAL-582643/2025;22/09/2025 - 17:19;93d.02h53m;7;RC/SDR /BA /NET/SG;-;;E;-;S;Unknown;Unknown;Unknown;Unknown
ALLGAG1   SIS KB    OTS;QUALIDADE;MT-05;RAL-582758/2025;22/09/2025 - 17:48;149d.05h03m;5;RC/SLS /CE /NET/SG;-;;E;-;S;Unknown;Unknown;Unknown;Unknown
CRA MC    TSA AN    OTS;QUALIDADE;MT-05;RAL-584617/2025;23/09/2025 - 10:00;114d.04h50m;7;RC/TSA /CE /NET/SG;-;;E;-;S;Unknown;Unknown;Unknown;Unknown
ULA MA    URA FR    OTS;QUALIDADE;MT-05;RAL-584670/2025;23/09/2025 - 10:10;61d.08h11m;8;RC/BHE /ES /NET/SG;-;;E;-;S;Unknown;Unknown;Unknown;Unknown
GVS JK    TOT BR    OTS;QUALIDADE;MT-05;RAL-584837/2025;23/09/2025 - 10:42;121d.11h11m;5;RC/BHE /ES /NET/SG;-;;E;-;S;Unknown;Unknown;Unknown;Unknown
ENTOKB    VNTEBR    OTS;QUALIDADE;MT-05;RAL-584967/2025;23/09/2025 - 11:09;125d.18h42m;9;RC/SLS /CE /NET/SG;-;;E;-;S;Unknown;Unknown;Unknown;Unknown
RJO EN    RJO ST    OTS;QUALIDADE;MT-26;RAL-585181/2025;23/09/2025 - 11:53;149d.06h30m;3;RT/RJO /NO2/NET/FO;-;DAGOMES;E;-;S;RIO DE JANEIRO / ESPIRITO SANTO;Norte 1;Norte 1;Retirada (RT)
SERPBR    VRD SC    OTS;QUALIDADE;MT-26;RAL-585259/2025;23/09/2025 - 12:16;127d.08h32m;4;RT/RJO /SUF/NET/FO;-;F196679;E;-;S;RIO DE JANEIRO / ESPIRITO SANTO;SUL FLUMINENSE;SUL FLUMINENSE;Retirada (RT)
SEZ KB    URC KB    OTS;QUALIDADE;MT-05;RAL-585468/2025;23/09/2025 - 13:31;2d.02h07m;7;RC/GNA /CO /NET/SG;-;;E;-;S;Unknown;Unknown;Unknown;Unknown
CRP C01   DOS CS    OTS;QUALIDADE;MT-05;RAL-585501/2025;23/09/2025 - 13:40;1d.00h54m;14;RC/CPE /CO /NET/SG;-;;E;-;S;Unknown;Unknown;Unknown;Unknown
NRI ITG   RJO AM    OTS;QUALIDADE;MT-26;RAL-585731/2025;23/09/2025 - 14:49;79d.00h55m;6;RC/RJO /AM /NET/SG;-;;E;-;S;Unknown;Unknown;Unknown;Unknown
DOS CS    RBH MAE   OTS;QUALIDADE;MT-05;RAL-585794/2025;23/09/2025 - 15:11;1d.01h01m;7;RC/CPE /CO /NET/SG;-;;E;-;S;Unknown;Unknown;Unknown;Unknown
AIR LIV   PPI INT   OTS;QUALIDADE;MD-11;RAL-587539/2025;24/09/2025 - 09:29;52d.10h09m;5;RC/MCO /NE /NET/SG;-;;E;-;S;Unknown;Unknown;Unknown;Unknown
BES ABF   CKT EB0   OTS;QUALIDADE;MT-05;RAL-587682/2025;24/09/2025 - 10:06;66d.06h10m;32;RC/SDR /BA /NET/SG;-;;E;-;S;Unknown;Unknown;Unknown;Unknown
ARI KM    ULA MA    OTS;QUALIDADE;MT-05;RAL-587724/2025;24/09/2025 - 10:17;45d.01h12m;11;RC/BHE /ES /NET/SG;-;;E;-;S;Unknown;Unknown;Unknown;Unknown
GNA RD    PSLDFV    OTS;QUALIDADE;MT-05;RAL-587938/2025;24/09/2025 - 11:07;133d.08h46m;10;RT/GNA /CO /NET/FO;-;;E;-;S;GOIÂNIA;GOIÂNIA;Rio Branco;Retirada (RT)
BBI AC    SDT JV    OTS;QUALIDADE;MT-05;RAL-587975/2025;24/09/2025 - 11:14;20d.08h03m;26;RT/BHE /ES /FFA/FO;-;;E;-;S;BELO HORIZONTE;BELO HORIZONTE;MINAS GERAIS;Retirada (RT)
ALH TPY   CAU CH    OTS;QUALIDADE;MT-05;RAL-588005/2025;24/09/2025 - 11:21;100d.03h29m;17;RC/SDR /BA /NET/SG;-;;E;-;S;Unknown;Unknown;Unknown;Unknown
IBY VS    PTC JM    OTS;QUALIDADE;MT-05;RAL-588194/2025;24/09/2025 - 11:55;24d.02h05m;19;RT/ULA /MA /FFA/FO;-;T3LXV3Y;E;-;S;UBERLANDIA;UBERLANDIA;MINAS GERAIS;Retirada (RT)
IZA BR    VRD BV    OTS;QUALIDADE;MT-27;RAL-588295/2025;24/09/2025 - 12:17;148d.05h43m;4;RT/RJO /SUF/NET/FO;-;F196679;E;-;S;RIO DE JANEIRO / ESPIRITO SANTO;SUL FLUMINENSE;SUL FLUMINENSE;Retirada (RT)
SWAP CONECT: IIG - GVS;QUALIDADE;MT-99;RAL-592477/2025;25/09/2025 - 22:55;87d.10h18m;6;RC/BHE /ES /NET/SG;-;;E;-;S;Unknown;Unknown;Unknown;Unknown
JPI FA    PEE JB    OTS;QUALIDADE;MT-26;RAL-597858/2025;29/09/2025 - 09:35;61d.07h51m;7;RC/BHE /ES /NET/SG;-;;E;-;S;Unknown;Unknown;Unknown;Unknown
RJO AM    RJO EN    OTS;QUALIDADE;MT-99;RAL-599110/2025;29/09/2025 - 15:23;133d.16h15m;3;RT/RJO /NO3/PCS/FO;-;WGOMESA;E;-;S;RIO DE JANEIRO / ESPIRITO SANTO;RIO DE JANEIRO;NORTE 3;Retirada (RT)
RJO EN    RJO 4WR   OTS;QUALIDADE;MT-99;RAL-599122/2025;29/09/2025 - 15:46;134d.03h19m;4;RC/RJO /AM /NET/SG;-;;E;-;S;Unknown;Unknown;Unknown;Unknown
ARI KM    IDM ER    OTS;QUALIDADE;MT-26;RAL-599308/2025;29/09/2025 - 16:52;45d.01h08m;9;RC/BHE /ES /NET/SG;-;;E;-;S;Unknown;Unknown;Unknown;Unknown
RJOVZLAAOLT01 - RJPNH06 -;QUALIDADE;FO-01;RAL-599349/2025;29/09/2025 - 17:14;143d.01h18m;3;RT/RJO /NO1/NET/FO;-;VALLUIZ;E;-;S;RIO DE JANEIRO / ESPIRITO SANTO;RIO;RIO;Retirada (RT)
RCE BV    RCE EAC   OTS;QUALIDADE;MT-26;RAL-599975/2025;30/09/2025 - 01:36;29d.09h57m;5;RC/RCE /NE /NET/SG;-;;E;-;S;Unknown;Unknown;Unknown;Unknown
MAM BR    ULA MA    OTS;QUALIDADE;MT-26;RAL-607116/2025;02/10/2025 - 14:11;90d.09h13m;7;RC/BHE /ES /NET/SG;-;;E;-;S;Unknown;Unknown;Unknown;Unknown
PEP-EE.25005.03;QUALIDADE;CB-99;RAL-612462/2025;05/10/2025 - 12:19;137d.06h14m;2;RC/BSA /CO /NET/FO;8;;E;-;S;BRASILIA;BRASILIA;CENTRO OESTE;Recuperação (RC)
LAV AA    VGA TG    OTS;QUALIDADE;MT-26;RAL-635934/2025;15/10/2025 - 12:17;66d.08h18m;13;RC/BHE /ES /NET/SG;-;;E;-;S;Unknown;Unknown;Unknown;Unknown
RJO HL    SERPBR    OTS;QUALIDADE;MT-26;RAL-637738/2025;16/10/2025 - 05:00;126d.12h38m;4;RT/RJO /SU2/NET/FO;-;F196679;E;-;S;RIO DE JANEIRO / ESPIRITO SANTO;Oeste;Centro Sul;Retirada (RT)
RJOSTRAAOLT01_RJCEN69_P1;QUALIDADE;FO-05;RAL-639276/2025;16/10/2025 - 15:36;126d.02h46m;4;RT/RJO /NO3/PCS/FO;1;WGOMESA;E;-;S;RIO DE JANEIRO / ESPIRITO SANTO;RIO DE JANEIRO;NORTE 3;Retirada (RT)
ALH TPY   FSA SC5   OTS;QUALIDADE;MT-27;RAL-639884/2025;16/10/2025 - 17:50;48d.10h40m;23;RC/SDR /BA /NET/SG;-;;E;-;S;Unknown;Unknown;Unknown;Unknown
JPI FA    PTU GMF   OTS;QUALIDADE;MT-26;RAL-640209/2025;16/10/2025 - 21:43;120d.08h17m;7;RC/BHE /ES /NET/SG;-;;E;-;S;Unknown;Unknown;Unknown;Unknown
RJO EN    RJO YGH   OTS;QUALIDADE;MT-01;RAL-644307/2025;19/10/2025 - 11:36;122d.23h29m;4;RT/RJO /NO1/NET/FO;-;VALLUIZ;E;-;S;RIO DE JANEIRO / ESPIRITO SANTO;RIO;RIO;Retirada (RT)
DM4100_RJOI01-01(10.22.10;QUALIDADE;SV-02;RAL-645892/2025;20/10/2025 - 11:09;122d.06h10m;7;RT/RJO /NO1/NET/FO;-;VALLUIZ;E;-;S;RIO DE JANEIRO / ESPIRITO SANTO;RIO;RIO;Retirada (RT)
BEROEMLINEBERO0GILINB1S;QUALIDADE;FO-01;RAL-648153/2025;21/10/2025 - 08:54;119d.00h31m;9;RT/RJO /BX1/NET/FO;-;DAGOMES;E;-;S;RIO DE JANEIRO / ESPIRITO SANTO;BAIXADA;Sul 2;Retirada (RT)
HUT SU    PVO FN    OTS;QUALIDADE;MT-01;RAL-651280/2025;22/10/2025 - 11:54;29d.08h17m;5;RC/MNS /NO /NET/SG;-;F117877;E;-;S;Unknown;Unknown;Unknown;Unknown
CTUJ0DY   TOT BR    OTS;QUALIDADE;MT-01;RAL-651841/2025;22/10/2025 - 14:45;92d.06h13m;8;RC/BHE /ES /NET/SG;-;;E;-;S;Unknown;Unknown;Unknown;Unknown
BLA CR    SMN MN1   OTS;QUALIDADE;MT-26;RAL-652143/2025;22/10/2025 - 16:07;90d.09h08m;4;RC/SLS /CE /NET/SG;-;;E;-;S;Unknown;Unknown;Unknown;Unknown
PTS BR    RJO EN    OTS;QUALIDADE;MT-05;RAL-652175/2025;22/10/2025 - 16:17;120d.00h26m;5;RT/RJO /SEF/NET/FO;-;;E;-;S;RIO DE JANEIRO / ESPIRITO SANTO;SERRA FLUMINENSE;Sul Fluminense;Retirada (RT)
PTS BR    PTS 0F8   OTS;QUALIDADE;MT-99;RAL-654271/2025;23/10/2025 - 11:37;119d.00h25m;4;RT/RJO /SEF/NET/FO;-;;E;-;S;RIO DE JANEIRO / ESPIRITO SANTO;SERRA FLUMINENSE;Sul Fluminense;Retirada (RT)
BJL EB0   VNY CL0   OTS;QUALIDADE;MT-01;RAL-654643/2025;23/10/2025 - 13:46;58d.01h51m;16;RC/SDR /BA /NET/SG;-;;E;-;S;Unknown;Unknown;Unknown;Unknown
CTT EB0   RIT CL0   OTS;QUALIDADE;MT-01;RAL-655217/2025;23/10/2025 - 17:12;66d.06h17m;9;RC/SDR /BA /NET/SG;-;;E;-;S;Unknown;Unknown;Unknown;Unknown
JTI SA    MNI MN    OTS;QUALIDADE;MT-26;RAL-655456/2025;23/10/2025 - 19:41;1d.23h29m;5;RT/GNA /CO /NET/FO;-;;E;-;S;GOIÂNIA;GOIÂNIA;Rio Branco;Retirada (RT)
CJROFJ    NVODKB    OTS;QUALIDADE;MT-26;RAL-656001/2025;24/10/2025 - 05:27;113d.20h11m;4;RC/SLS /CE /NET/SG;1;;E;-;S;Unknown;Unknown;Unknown;Unknown
SWAP ALLOHA: TLP - IGI;QUALIDADE;MT-99;RAL-659134/2025;25/10/2025 - 12:25;76d.19h08m;20;RT/RJO /NO3/PCS/FO;-;WGOMESA;E;-;S;RIO DE JANEIRO / ESPIRITO SANTO;RIO DE JANEIRO;NORTE 3;Retirada (RT)
AMM ISO   LJI VIV   OTS;QUALIDADE;MT-26;RAL-662185/2025;27/10/2025 - 14:16;110d.19h32m;6;RC/MPA /NO /NET/SG;-;;E;-;S;Unknown;Unknown;Unknown;Unknown
IUB PM    ULA BR2   OTS;QUALIDADE;MT-26;RAL-662641/2025;27/10/2025 - 16:21;61d.07h55m;8;RC/BHE /ES /NET/SG;-;;E;-;S;Unknown;Unknown;Unknown;Unknown
SWAP V.TAL (RIH-CRN);QUALIDADE;MT-99;RAL-663616/2025;28/10/2025 - 04:12;114d.14h17m;3;RT/SLS /CE /NET/FO;-;;E;-;S;SÃO LUÍS;SÃO LUIS;NORTE;Retirada (RT)
JFA JC    LPD CM    OTS;QUALIDADE;MT-01;RAL-664411/2025;28/10/2025 - 10:58;114d.07h12m;4;RC/BHE /ES /NET/SG;-;;E;-;S;Unknown;Unknown;Unknown;Unknown
HUT PT    MIC RL    OTS;QUALIDADE;MT-26;RAL-667600/2025;29/10/2025 - 12:53;87d.09h37m;5;RC/MNS /NO /NET/SG;-;;E;-;S;Unknown;Unknown;Unknown;Unknown
AGNPFC ITZ RC OTS 001;QUALIDADE;MT-26;RAL-667838/2025;29/10/2025 - 14:35;72d.19h39m;6;RC/SLS /CE /NET/SG;1;;E;-;S;Unknown;Unknown;Unknown;Unknown
SNO RF    SSZ EL    B40W;QUALIDADE;MT-27;RAL-671475/2025;30/10/2025 - 23:31;59d.11h03m;4;RC/CBA /CO /NET/SG;-;;E;-;S;Unknown;Unknown;Unknown;Unknown
RJOPNHAAOLT01_RJPAV79_P02;QUALIDADE;FO-05;RAL-674050/2025;01/11/2025 - 06:28;110d.12h05m;3;RT/RJO /NO1/NET/FO;-;VALLUIZ;E;-;S;RIO DE JANEIRO / ESPIRITO SANTO;RIO;RIO;Retirada (RT)
RJOIRJADOLT01_RJPNH05_P01;QUALIDADE;FO-05;RAL-674085/2025;01/11/2025 - 07:06;110d.11h11m;3;RT/RJO /NO1/NET/FO;-;VALLUIZ;E;-;S;RIO DE JANEIRO / ESPIRITO SANTO;RIO;RIO;Retirada (RT)
PBW BRP   VHA CC    OTS;QUALIDADE;MT-26;RAL-674244/2025;01/11/2025 - 09:50;43d.05h31m;4;RC/PVO /CO /NET/SG;-;;E;-;S;Unknown;Unknown;Unknown;Unknown
JEE BR    MLG KB    OTS;QUALIDADE;MT-26;RAL-682669/2025;05/11/2025 - 12:45;106d.01h00m;4;RC/SDR /BA /NET/SG;-;;E;-;S;Unknown;Unknown;Unknown;Unknown
CAVNMC    CNA CL2   OTS;QUALIDADE;MT-26;RAL-687931/2025;07/11/2025 - 11:36;104d.06h55m;3;RC/VTA /JM /NET/SG;-;;E;-;S;Unknown;Unknown;Unknown;Unknown
UNI CL    UNI 0FA   OTS;QUALIDADE;MT-26;RAL-693544/2025;10/11/2025 - 15:32;61d.07h45m;4;RC/BHE /ES /NET/SG;-;;E;-;S;Unknown;Unknown;Unknown;Unknown
GUI KB NAO NC OTS 003 VTA;QUALIDADE;EN-99;RAL-703644/2025;14/11/2025 - 13:49;97d.03h38m;3;RC/PMJ /CO /NET/SG;-;;E;-;S;Unknown;Unknown;Unknown;Unknown
RJOIRJABOLT01 RJPAV04_P01;QUALIDADE;FO-01;RAL-706552/2025;16/11/2025 - 17:47;95d.00h38m;3;RT/RJO /NO1/NET/FO;-;VALLUIZ;E;-;S;RIO DE JANEIRO / ESPIRITO SANTO;RIO;RIO;Retirada (RT)
SDR DCN   SDR RC    OTS;QUALIDADE;MT-26;RAL-711215/2025;18/11/2025 - 13:02;93d.05h21m;5;RC/SDR /BA /NET/SG;-;;E;-;S;Unknown;Unknown;Unknown;Unknown
BSA SN    LZA BR    OTS;QUALIDADE;MT-01;RAL-713862/2025;19/11/2025 - 12:01;2d.03h10m;4;RC/BSA /CO /NET/SG;-;;E;-;S;Unknown;Unknown;Unknown;Unknown
SDR DCN   SDR RC2   OTS;QUALIDADE;MT-01;RAL-715124/2025;19/11/2025 - 17:42;92d.00h19m;3;RC/SDR /BA /NET/SG;-;;E;-;S;Unknown;Unknown;Unknown;Unknown
RJO GW    RJO 7S1   B40W;QUALIDADE;SV-01;RAL-715298/2025;19/11/2025 - 19:18;91d.22h59m;3;RT/RJO /SU2/NET/FO;-;F196679;E;-;S;RIO DE JANEIRO / ESPIRITO SANTO;Oeste;Centro Sul;Retirada (RT)
ATENUAÇÃO MAJNK01 X MAMCE;QUALIDADE;CB-99;RAL-722379/2025;24/11/2025 - 10:23;87d.08h14m;2;RT/SLS /CE /NET/FO;-;;E;-;S;SÃO LUÍS;SÃO LUIS;NORTE;Retirada (RT)
GUS 0EZ   PIN EMB   OTS;QUALIDADE;MT-27;RAL-722899/2025;24/11/2025 - 12:43;87d.05h42m;3;RT/MCO /NE /NET/FO;-;;E;-;S;MACEIÓ;MACEIÓ;NORDESTE;Retirada (RT)
AAE EB0   VCA TN    OTS;QUALIDADE;MT-01;RAL-723702/2025;24/11/2025 - 16:32;84d.10h03m;4;RC/SDR /BA /NET/SG;-;;E;-;S;Unknown;Unknown;Unknown;Unknown
BELTSEA   RRI C02   OTS;QUALIDADE;MT-01;RAL-724024/2025;24/11/2025 - 18:06;87d.00h26m;4;RC/BLM /NO /NET/SG;-;;E;-;S;Unknown;Unknown;Unknown;Unknown
BRM 0ED   RIT CL0   OTS;QUALIDADE;MT-01;RAL-726753/2025;25/11/2025 - 16:25;84d.10h03m;5;RC/SDR /BA /NET/SG;-;;E;-;S;Unknown;Unknown;Unknown;Unknown
GDU CL1   UIA CL1   OTS;QUALIDADE;MT-01;RAL-731513/2025;27/11/2025 - 13:48;84d.04h01m;4;RC/SDR /BA /NET/SG;-;;E;-;S;Unknown;Unknown;Unknown;Unknown
NOF AMB   TANGBR    OTS;QUALIDADE;MT-99;RAL-733584/2025;28/11/2025 - 11:52;78d.00h38m;11;RT/RJO /SEF/NET/FO;-;;E;-;S;RIO DE JANEIRO / ESPIRITO SANTO;SERRA FLUMINENSE;Sul Fluminense;Retirada (RT)
IOT VIV   RPE VIV   OTS;QUALIDADE;MT-01;RAL-735630/2025;29/11/2025 - 12:47;61d.06h31m;23;RC/MNS /NO /NET/SG;-;;E;-;S;Unknown;Unknown;Unknown;Unknown
ITZ RC    PQIAFC    OTS;QUALIDADE;MT-01;RAL-736536/2025;30/11/2025 - 11:28;72d.19h38m;4;RC/SLS /CE /NET/SG;-;;E;-;S;Unknown;Unknown;Unknown;Unknown
MES_RJ_DT1	10.203.27.37;QUALIDADE;CD-09;RAL-740801/2025;02/12/2025 - 11:41;59d.02h05m;6;RT/RJO /NO2/NET/FO;-;;E;-;S;RIO DE JANEIRO / ESPIRITO SANTO;Norte 1;Norte 1;Retirada (RT)
CAH BR    SID BR    OTS;QUALIDADE;MT-01;RAL-740812/2025;02/12/2025 - 11:47;73d.02h18m;4;RC/BLM /NO /NET/SG;-;;E;-;S;Unknown;Unknown;Unknown;Unknown
IJA MBL   PSA DIT   OTS;QUALIDADE;MT-01;RAL-741964/2025;02/12/2025 - 18:29;78d.23h57m;3;RC/BHE /ES /NET/SG;-;;E;-;S;Unknown;Unknown;Unknown;Unknown
MCO MS    VIS INT   OTS;QUALIDADE;MD-11;RAL-742784/2025;03/12/2025 - 08:31;52d.10h03m;5;RC/MCO /NE /NET/SG;-;;E;-;S;Unknown;Unknown;Unknown;Unknown
PNV JAA   VCS JSA   OTS;QUALIDADE;MT-01;RAL-743414/2025;03/12/2025 - 11:09;77d.21h46m;5;RC/BHE /ES /NET/SG;-;;E;-;S;Unknown;Unknown;Unknown;Unknown
BIU CH    QXA RM    OTS;QUALIDADE;MT-27;RAL-743895/2025;03/12/2025 - 13:40;78d.00h20m;14;RC/FLA /CE /NET/SG;-;;E;-;S;Unknown;Unknown;Unknown;Unknown
SWAP V.TAL SMN X SDZT;QUALIDADE;MT-99;RAL-747525/2025;04/12/2025 - 20:30;76d.22h05m;3;RT/SLS /CE /NET/FO;-;;E;-;S;SÃO LUÍS;SÃO LUIS;NORTE;Retirada (RT)
SWAP BRISANET TSA*ATS;QUALIDADE;MT-99;RAL-750566/2025;06/12/2025 - 11:01;9d.18h15m;15;RC/TSA /CE /NET/SG;-;;E;-;S;Unknown;Unknown;Unknown;Unknown
7609SR_RJO_EN-01 TENGIGA;QUALIDADE;CD-99;RAL-750759/2025;06/12/2025 - 14:42;65d.00h48m;8;RT/RJO /NO3/PCS/FO;-;WGOMESA;E;-;S;RIO DE JANEIRO / ESPIRITO SANTO;RIO DE JANEIRO;NORTE 3;Retirada (RT)
PAYTV BPI;QUALIDADE;FO-05;RAL-750835/2025;06/12/2025 - 16:15;58d.10h01m;4;RT/RJO /NO2/NET/FO;-;;E;-;S;RIO DE JANEIRO / ESPIRITO SANTO;Norte 1;Norte 1;Retirada (RT)
SWAP ALTAREDE: NIU - SERP;QUALIDADE;MT-99;RAL-753382/2025;08/12/2025 - 13:32;73d.05h00m;3;RT/RJO /BX1/NET/FO;1;DAGOMES;E;-;S;RIO DE JANEIRO / ESPIRITO SANTO;BAIXADA;Sul 2;Retirada (RT)
SWAP V.TAL (QUEA-RJO);QUALIDADE;MT-99;RAL-757284/2025;09/12/2025 - 22:28;71d.19h55m;3;RT/RJO /BX1/NET/FO;-;DAGOMES;E;-;S;RIO DE JANEIRO / ESPIRITO SANTO;BAIXADA;Sul 2;Retirada (RT)
MPLS MESQ X DQX VIA 02;QUALIDADE;FO-05;RAL-767491/2025;12/12/2025 - 21:48;68d.20h34m;3;RT/RJO /BX1/NET/FO;1;DAGOMES;E;-;S;RIO DE JANEIRO / ESPIRITO SANTO;BAIXADA;Sul 2;Retirada (RT)
ALQ CAM   OXA ISO   OTS;QUALIDADE;MT-26;RAL-769456/2025;14/12/2025 - 17:16;66d.06h18m;4;RC/BLM /NO /NET/SG;-;;E;-;S;Unknown;Unknown;Unknown;Unknown
ADA BR    IZA BR    OTS;QUALIDADE;MT-99;RAL-773867/2025;16/12/2025 - 10:46;52d.04h02m;4;RT/RJO /SUF/NET/FO;-;F196679;E;-;S;RIO DE JANEIRO / ESPIRITO SANTO;SUL FLUMINENSE;SUL FLUMINENSE;Retirada (RT)
CPJ 0E5   IJA MBL   OTS;QUALIDADE;MT-99;RAL-774024/2025;16/12/2025 - 11:27;10d.01h28m;10;RC/BHE /ES /NET/SG;-;;E;-;S;Unknown;Unknown;Unknown;Unknown
IXT 0DY   SKV VIV   OTS;QUALIDADE;MT-26;RAL-777266/2025;17/12/2025 - 12:32;61d.08h04m;5;RC/MNS /NO /NET/SG;-;;E;-;S;Unknown;Unknown;Unknown;Unknown
SWAP V.TAL (MDR-COS);QUALIDADE;MT-99;RAL-790899/2025;24/12/2025 - 05:39;39d.16h13m;12;RT/SLS /CE /NET/FO;-;;E;-;S;SÃO LUÍS;SÃO LUIS;NORTE;Retirada (RT)
CEM EP    JML AL    OTS;QUALIDADE;CB-99;RAL-794247/2025;26/12/2025 - 17:37;53d.22h17m;4;RC/BHE /ES /NET/SG;-;;E;-;S;Unknown;Unknown;Unknown;Unknown
NIU MFPLINRJO VP8LINB1S;QUALIDADE;MT-26;RAL-794933/2025;27/12/2025 - 10:20;54d.07h54m;4;RT/RJO /BX1/NET/FO;-;DAGOMES;E;-;S;RIO DE JANEIRO / ESPIRITO SANTO;BAIXADA;Sul 2;Retirada (RT)
ASLSS02   BSA GC    OTS;QUALIDADE;MT-05;RAL-800596/2025;30/12/2025 - 16:36;0d.07h44m;5;RC/BSA /CO /NET/FO;-;;E;-;S;BRASILIA;BRASILIA;CENTRO OESTE;Recuperação (RC)
CRT NU    LZA BR    OTS;QUALIDADE;MT-05;RAL-800653/2025;30/12/2025 - 16:58;1d.01h38m;4;RC/BSA /CO /NET/SG;-;;E;-;S;Unknown;Unknown;Unknown;Unknown
AIR LIV   PIN EMB   OTS;QUALIDADE;MT-26;RAL-802433/2025;31/12/2025 - 22:47;48d.02h34m;3;RT/MCO /NE /NET/FO;-;;E;-;S;MACEIÓ;MACEIÓ;NORDESTE;Retirada (RT)
PAR CL1   UCU 0DZ   OTS;QUALIDADE;MT-26;RAL-2107/2026;02/01/2026 - 17:15;45d.01h15m;4;RC/MNS /NO /NET/SG;-;;E;-;S;Unknown;Unknown;Unknown;Unknown
BHE ES    IAT BR    OTS;QUALIDADE;MT-27;RAL-2452/2026;03/01/2026 - 02:28;45d.01h51m;4;RC/BHE /ES /NET/SG;-;;E;-;S;Unknown;Unknown;Unknown;Unknown
GUI KB    NAO NC    OTS;QUALIDADE;MT-26;RAL-5021/2026;05/01/2026 - 10:38;43d.11h27m;4;RC/PMJ /CO /NET/SG;-;;E;-;S;Unknown;Unknown;Unknown;Unknown
MNS EM    MNS SEW   OTS;QUALIDADE;MT-01;RAL-6153/2026;05/01/2026 - 16:56;45d.00h26m;3;RC/MNS /NO /NET/SG;-;;E;-;S;Unknown;Unknown;Unknown;Unknown
BBEIC01   SLS US    OTS;QUALIDADE;MT-26;RAL-11068/2026;07/01/2026 - 16:07;42d.23h02m;3;RT/SLS /CE /NET/FO;-;;E;-;S;SÃO LUÍS;SÃO LUIS;NORTE;Retirada (RT)
RJOJCGAJOLT01_RJJAC41-P01;QUALIDADE;FO-99;RAL-14104/2026;08/01/2026 - 17:16;42d.01h09m;3;RT/RJO /SU2/NET/FO;-;F196679;E;-;S;RIO DE JANEIRO / ESPIRITO SANTO;Oeste;Centro Sul;Retirada (RT)
NODE B/RJ PAV38/RJ PAV11;QUALIDADE;CL-05;RAL-24223/2026;13/01/2026 - 18:12;35d.03h41m;3;RT/RJO /NO2/NET/FO;2;;E;-;S;RIO DE JANEIRO / ESPIRITO SANTO;Norte 1;Norte 1;Retirada (RT)
ENTOKB    PQIAFC    OTS;QUALIDADE;MT-27;RAL-33422/2026;17/01/2026 - 20:55;32d.20h49m;4;RT/SLS /CE /NET/FO;-;;E;-;S;SÃO LUÍS;SÃO LUIS;NORTE;Retirada (RT)
CXUABR    STY FB    OTS;QUALIDADE;CB-99;RAL-34031/2026;18/01/2026 - 18:56;31d.23h36m;3;RT/CXUA/BR /NET/FO;-;;E;-;S;Unknown;Unknown;Unknown;Unknown
PSS16-CDORP-01;QUALIDADE;MT-26;RAL-35909/2026;19/01/2026 - 15:18;18d.08h57m;5;RC/SLS /CE /NET/SG;-;;E;-;S;Unknown;Unknown;Unknown;Unknown
SWAP WIKI DEU X ULNS;QUALIDADE;MT-99;RAL-36107/2026;19/01/2026 - 16:18;20d.11h12m;9;RC/SLS /CE /NET/SG;-;;E;-;S;Unknown;Unknown;Unknown;Unknown
DM16E1_CNLC1-01;QUALIDADE;MD-14;RAL-39276/2026;20/01/2026 - 17:06;28d.03h10m;3;RT/CNL /AK /FFA/FO;-;;E;-;S;CONSELHEIRO LAFAIETE;CONSELHEIRO LAFAIETE;MINAS GERAIS;Retirada (RT)
SWAP V.TAL BHE X CNL;QUALIDADE;MT-99;RAL-39447/2026;20/01/2026 - 18:36;29d.23h54m;3;RT/BHE /ES /FFA/FO;-;;E;-;S;BELO HORIZONTE;BELO HORIZONTE;MINAS GERAIS;Retirada (RT)
BLF B01   SGI ML    OTS;QUALIDADE;MT-26;RAL-39749/2026;21/01/2026 - 01:46;29d.02h37m;3;RT/RCE /NE /NET/FO;-;;E;-;S;RECIFE;RECIFE;NORDESTE;Retirada (RT)
CUV INT   DMT LC    OTS;QUALIDADE;MT-05;RAL-40985/2026;21/01/2026 - 13:26;28d.20h09m;4;RC/BHE /ES /NET/SG;-;;E;-;S;Unknown;Unknown;Unknown;Unknown
GVS JK    IIG LV    OTS;QUALIDADE;MT-05;RAL-43417/2026;22/01/2026 - 14:31;28d.03h57m;4;RT/GVS /JK /FFA/FO;-;;E;-;S;GOVERNADOR VALADARES;GOVERNADOR VALADARES;MINAS GERAIS;Retirada (RT)
FLA PV    URM RC    OTS;QUALIDADE;MT-05;RAL-45673/2026;23/01/2026 - 13:34;2d.03h01m;4;RC/FLA /CE /NET/SG;-;;E;-;S;Unknown;Unknown;Unknown;Unknown
CEM IM    PRS PMC   B40W;QUALIDADE;MT-26;RAL-47213/2026;24/01/2026 - 14:00;26d.04h28m;3;RT/BHE /ES /FFA/FO;-;;E;-;S;BELO HORIZONTE;BELO HORIZONTE;MINAS GERAIS;Retirada (RT)
LINK PAYTV MAIN DE RMS;QUALIDADE;FO-05;RAL-48839/2026;26/01/2026 - 07:31;24d.10h59m;3;RT/RJO /NO1/NET/FO;-;VALLUIZ;E;-;S;RIO DE JANEIRO / ESPIRITO SANTO;RIO;RIO;Retirada (RT)
CLH AJ    NZO JM1   OTS;QUALIDADE;MT-26;RAL-50922/2026;26/01/2026 - 20:19;23d.02h18m;4;RC/BHE /ES /NET/SG;-;;E;-;S;Unknown;Unknown;Unknown;Unknown
RJO ALO   RJO AM    OTS;QUALIDADE;MT-99;RAL-52077/2026;27/01/2026 - 11:17;22d.00h07m;6;RC/RJO /AM /NET/SG;-;;E;-;S;Unknown;Unknown;Unknown;Unknown
RJO AM    RJO TP    OTS;QUALIDADE;MT-99;RAL-52087/2026;27/01/2026 - 11:20;23d.05h55m;4;RT/RJO /NO3/PCS/FO;-;WGOMESA;E;-;S;RIO DE JANEIRO / ESPIRITO SANTO;RIO DE JANEIRO;NORTE 3;Retirada (RT)
SWAP DEGRADAÇÃO VIVO JOTB;QUALIDADE;MT-99;RAL-52406/2026;27/01/2026 - 13:08;21d.00h42m;8;RT/SLS /CE /NET/FO;-;;E;-;S;SÃO LUÍS;SÃO LUIS;NORTE;Retirada (RT)
RCE BV    RCE EAC   OTS;QUALIDADE;MT-27;RAL-54802/2026;28/01/2026 - 11:15;2d.03h04m;5;RC/RCE /NE /NET/SG;-;;E;-;S;Unknown;Unknown;Unknown;Unknown
PTS BR    RJO EN    OTS;QUALIDADE;MT-27;RAL-55208/2026;28/01/2026 - 13:43;22d.04h34m;4;RT/RJO /BX1/NET/FO;-;DAGOMES;E;-;S;RIO DE JANEIRO / ESPIRITO SANTO;BAIXADA;Sul 2;Retirada (RT)
RJOIRJAEOLT01_RJPNH33P1;QUALIDADE;CB-99;RAL-55502/2026;28/01/2026 - 15:24;22d.03h13m;2;RT/RJO /NO1/NET/FO;1;VALLUIZ;E;-;S;RIO DE JANEIRO / ESPIRITO SANTO;RIO;RIO;Retirada (RT)
SDZTDZ1   SMN MN1   OTS;QUALIDADE;MT-26;RAL-57062/2026;29/01/2026 - 10:19;18d.08h56m;4;RC/SLS /CE /NET/SG;-;;E;-;S;Unknown;Unknown;Unknown;Unknown
NODE B/RJ ILG21/RJ ILG09;QUALIDADE;CB-99;RAL-57319/2026;29/01/2026 - 11:33;21d.07h04m;2;RT/RJO /NO1/NET/FO;-;VALLUIZ;E;-;S;RIO DE JANEIRO / ESPIRITO SANTO;RIO;RIO;Retirada (RT)
BET 0HH   CEM EP    OTS;QUALIDADE;MT-01;RAL-58216/2026;29/01/2026 - 16:34;20d.21h44m;4;RC/BHE /ES /NET/SG;-;;E;-;S;Unknown;Unknown;Unknown;Unknown
SDR RC2   SDR IT    OTS;QUALIDADE;MT-05;RAL-58443/2026;29/01/2026 - 18:14;2d.02h42m;4;RC/SDR /BA /NET/SG;-;;E;-;S;Unknown;Unknown;Unknown;Unknown
SWAP ALLOHA BBL - SIS;QUALIDADE;MT-99;RAL-59555/2026;30/01/2026 - 11:06;14d.23h04m;18;RT/SLS /CE /NET/FO;-;;E;-;S;SÃO LUÍS;SÃO LUIS;NORTE;Retirada (RT)
LINK LEGADO BHZFER-BHZPAM;QUALIDADE;FO-99;RAL-59775/2026;30/01/2026 - 12:10;20d.06h15m;3;RT/BHE /ES /FFA/FO;-;;E;-;S;BELO HORIZONTE;BELO HORIZONTE;MINAS GERAIS;Retirada (RT)
FTM BR    GUR BR    OTS;QUALIDADE;MT-05;RAL-60276/2026;30/01/2026 - 14:23;0d.23h11m;5;RT/PMJ /CO /NET/FO;-;;E;-;S;PALMAS;PALMAS;CENTRO OESTE;Retirada (RT)
SEZ KB    URC KB    OTS;QUALIDADE;MT-05;RAL-61102/2026;30/01/2026 - 20:07;2d.02h56m;5;RC/GNA /CO /NET/SG;-;;E;-;S;Unknown;Unknown;Unknown;Unknown
TPU JB    TPU OR    OTS;QUALIDADE;MT-26;RAL-62313/2026;31/01/2026 - 20:07;7d.02h47m;7;RC/MNS /NO /NET/SG;-;;E;-;S;Unknown;Unknown;Unknown;Unknown
RCE EAC   RCE 35W   OTS;QUALIDADE;MT-01;RAL-70085/2026;04/02/2026 - 11:54;15d.06h26m;3;RT/RCE /NE /NET/FO;-;;E;-;S;RECIFE;RECIFE;NORDESTE;Retirada (RT)
SWAP V.TAL BCA*CNL;QUALIDADE;MT-99;RAL-70088/2026;04/02/2026 - 11:55;0d.06h13m;8;RT/JFA /JC /FFA/FO;-;;E;-;S;JUIZ DE FORA;JUIZ DE FORA;MINAS GERAIS;Retirada (RT)
SWAP V.TAL BCA*CNL;QUALIDADE;MT-99;RAL-70088/2026;04/02/2026 - 11:55;15d.00h20m;5;RT/BCA /CPT/FFA/FO;-;;E;-;S;BARBACENA;BARBACENA;MINAS GERAIS;Retirada (RT)
PIT AA    PMJ SO    OTS;QUALIDADE;MT-01;RAL-70258/2026;04/02/2026 - 12:57;1d.00h36m;4;RC/PMJ /CO /NET/SG;-;;E;-;S;Unknown;Unknown;Unknown;Unknown
MDA BR    PDP BR    OTS;QUALIDADE;MT-01;RAL-70325/2026;04/02/2026 - 13:24;15d.04h32m;3;RT/GVS /JK /FFA/FO;-;;E;-;S;GOVERNADOR VALADARES;GOVERNADOR VALADARES;MINAS GERAIS;Retirada (RT)
DM4270_RJOPW-01 TEN-1/1/2;QUALIDADE;MD-99;RAL-70481/2026;04/02/2026 - 14:24;15d.03h57m;3;RT/RJO /CZS/NET/FO;-;;E;-;S;RIO DE JANEIRO / ESPIRITO SANTO;Norte 3;Norte 3;Retirada (RT)
BBEIC01   SLS US    OTS;QUALIDADE;MT-01;RAL-71201/2026;04/02/2026 - 18:37;14d.23h37m;3;RT/SLS /CE /NET/FO;-;;E;-;S;SÃO LUÍS;SÃO LUIS;NORTE;Retirada (RT)
AGNPFC    ARN LA    OTS;QUALIDADE;MT-05;RAL-72297/2026;05/02/2026 - 10:00;1d.00h38m;6;RC/PMJ /CO /NET/SG;-;;E;-;S;Unknown;Unknown;Unknown;Unknown
IAN NL    PRS PMC   OTS;QUALIDADE;MT-26;RAL-72345/2026;05/02/2026 - 10:14;7d.03h26m;3;RC/BHE /ES /NET/SG;-;;E;-;S;Unknown;Unknown;Unknown;Unknown
AYN JA    UNI 0FA   OTS;QUALIDADE;MT-26;RAL-72431/2026;05/02/2026 - 10:38;9d.21h58m;4;RC/BHE /ES /NET/SG;-;;E;-;S;Unknown;Unknown;Unknown;Unknown
DVL APJ   SDT JV    OTS;QUALIDADE;MT-27;RAL-72901/2026;05/02/2026 - 12:31;13d.06h50m;4;RT/BHE /ES /FFA/FO;-;;E;-;S;BELO HORIZONTE;BELO HORIZONTE;MINAS GERAIS;Retirada (RT)
CBU RD    MCE CV B40W  00;QUALIDADE;MT-04;RAL-74158/2026;05/02/2026 - 20:32;13d.22h01m;4;RT/RJO /NOF/NET/FO;-;;E;-;S;RIO DE JANEIRO / ESPIRITO SANTO;NORTE FLUMINENSE;NORTE FLUMINENSE;Retirada (RT)
JBN 0E3   VOA VO1   OTS;QUALIDADE;CB-99;RAL-75134/2026;06/02/2026 - 09:58;2d.01h55m;4;RC/SDR /BA /NET/SG;-;;E;-;S;Unknown;Unknown;Unknown;Unknown
VRD V16DM VRD 0IKDM 10G;QUALIDADE;MT-26;RAL-75181/2026;06/02/2026 - 10:12;13d.08h08m;3;RT/RJO /SUF/NET/FO;-;F196679;E;-;S;RIO DE JANEIRO / ESPIRITO SANTO;SUL FLUMINENSE;SUL FLUMINENSE;Retirada (RT)
VRD SC DM VRD V16DM 10G;QUALIDADE;MT-26;RAL-75185/2026;06/02/2026 - 10:12;13d.08h09m;3;RT/RJO /SUF/NET/FO;-;F196679;E;-;S;RIO DE JANEIRO / ESPIRITO SANTO;SUL FLUMINENSE;SUL FLUMINENSE;Retirada (RT)
ARI KM    ULA MA    OTS;QUALIDADE;MT-27;RAL-77607/2026;07/02/2026 - 13:55;12d.03h34m;6;RT/ULA /MA /FFA/FO;-;F119335;E;-;S;UBERLANDIA;UBERLANDIA;MINAS GERAIS;Retirada (RT)
SWAP ALTAREDE MRC X  SQR;QUALIDADE;MT-99;RAL-77975/2026;07/02/2026 - 19:07;11d.23h23m;3;RT/RJO /MTP/NET/FO;-;DAGOMES;E;-;S;RIO DE JANEIRO / ESPIRITO SANTO;RIO DE JANEIRO;METROPOLITANA;Retirada (RT)
POS RB    SZA FA    OTS;QUALIDADE;MT-26;RAL-77986/2026;07/02/2026 - 19:25;9d.13h21m;3;RT/JPA /NE /NET/FO;-;;E;-;S;JOÃO PESSOA;JOÃO PESSOA;NORDESTE;Retirada (RT)
CDO RP    CXUABR    OTS;QUALIDADE;MT-27;RAL-78993/2026;08/02/2026 - 18:46;10d.23h33m;4;RC/SLS /CE /NET/SG;-;;E;-;S;Unknown;Unknown;Unknown;Unknown
NODE B RJSGO16 X RJSGO43;QUALIDADE;CL-05;RAL-80909/2026;09/02/2026 - 14:37;10d.03h59m;2;RT/RJO /MTP/NET/FO;2;DAGOMES;E;-;S;RIO DE JANEIRO / ESPIRITO SANTO;RIO DE JANEIRO;METROPOLITANA;Retirada (RT)
NODE B RJ SGO78 X RJ SGO6;QUALIDADE;CL-05;RAL-80920/2026;09/02/2026 - 14:37;10d.03h58m;2;RT/RJO /MTP/NET/FO;2;DAGOMES;E;-;S;RIO DE JANEIRO / ESPIRITO SANTO;RIO DE JANEIRO;METROPOLITANA;Retirada (RT)
PDS BR    TCS BR    OTS;QUALIDADE;MT-05;RAL-81222/2026;09/02/2026 - 15:59;9d.20h51m;5;RC/BHE /ES /NET/SG;-;;E;-;S;Unknown;Unknown;Unknown;Unknown
CTUJ0DY   NZO JM1   OTS;QUALIDADE;MT-26;RAL-81753/2026;09/02/2026 - 20:04;3d.07h01m;5;RC/BHE /ES /NET/SG;-;;E;-;S;Unknown;Unknown;Unknown;Unknown
ING BR    VCA TN    OTS;QUALIDADE;MT-05;RAL-86663/2026;11/02/2026 - 15:17;8d.00h06m;4;RC/SDR /BA /NET/SG;-;;E;-;S;Unknown;Unknown;Unknown;Unknown
CBU RD    RBT RBO   B40W;QUALIDADE;MT-27;RAL-87155/2026;11/02/2026 - 18:13;8d.00h14m;4;RT/RJO /MTP/NET/FO;-;DAGOMES;E;-;S;RIO DE JANEIRO / ESPIRITO SANTO;RIO DE JANEIRO;METROPOLITANA;Retirada (RT)
PRN RJ SLP RJ 1G 002F;QUALIDADE;MT-26;RAL-88004/2026;12/02/2026 - 06:09;7d.12h18m;3;RT/RJO /NO2/NET/FO;-;;E;-;S;RIO DE JANEIRO / ESPIRITO SANTO;Norte 1;Norte 1;Retirada (RT)
AGNPFC    ITZ RC    OTS;QUALIDADE;MT-05;RAL-89083/2026;12/02/2026 - 12:04;5d.20h08m;10;RT/SLS /CE /NET/FO;-;;E;-;S;SÃO LUÍS;SÃO LUIS;NORTE;Retirada (RT)
CBI BR    PSA DIT   OTS;QUALIDADE;MT-05;RAL-89629/2026;12/02/2026 - 14:51;3d.07h02m;3;RC/BHE /ES /NET/SG;-;;E;-;S;Unknown;Unknown;Unknown;Unknown
MA5603T-BHESRG-001-RAMO 0;QUALIDADE;FO-99;RAL-92125/2026;13/02/2026 - 13:52;6d.04h42m;2;RT/BHE /ES /FFA/FO;-;;E;-;S;BELO HORIZONTE;BELO HORIZONTE;MINAS GERAIS;Retirada (RT)
SWAP RVD X ARDE;QUALIDADE;MT-99;RAL-92589/2026;13/02/2026 - 16:13;6d.02h23m;3;RT/GNA /CO /NET/FO;-;;E;-;S;GOIÂNIA;GOIÂNIA;Rio Branco;Retirada (RT)
CBU RD    MCE CV    B40W;QUALIDADE;MT-26;RAL-92596/2026;13/02/2026 - 16:05;6d.02h10m;4;RT/RJO /NOF/NET/FO;-;;E;-;S;RIO DE JANEIRO / ESPIRITO SANTO;NORTE FLUMINENSE;NORTE FLUMINENSE;Retirada (RT)
SLS 2HZ SLS US 10G 002F;QUALIDADE;MT-26;RAL-92767/2026;13/02/2026 - 16:55;6d.01h26m;3;RT/SLS /CE /NET/FO;1;;E;-;S;SÃO LUÍS;SÃO LUIS;NORTE;Retirada (RT)
LAV AA    SOE PRO   OTS;QUALIDADE;MT-26;RAL-93381/2026;14/02/2026 - 00:38;5d.13h00m;4;RT/VGA /TG /FFA/FO;-;;E;-;S;VARGINHA;VARGINHA;MINAS GERAIS;Retirada (RT)
JPA TR    RTT SCA   OTS;QUALIDADE;CB-99;RAL-95228/2026;15/02/2026 - 16:18;4d.02h11m;3;RT/JPA /NE /NET/FO;-;;E;-;S;JOÃO PESSOA;JOÃO PESSOA;NORDESTE;Retirada (RT)
RJOIRJABOLT01_RJPAV04_ P0;QUALIDADE;FO-05;RAL-95454/2026;15/02/2026 - 20:11;3d.22h11m;3;RT/RJO /NO1/NET/FO;-;VALLUIZ;E;-;S;RIO DE JANEIRO / ESPIRITO SANTO;RIO;RIO;Retirada (RT)
SWAP DEGRAD. V.TAL ITPV -;QUALIDADE;MT-99;RAL-97731/2026;17/02/2026 - 09:11;2d.09h06m;3;RT/RJO /SEF/NET/FO;1;;E;-;S;RIO DE JANEIRO / ESPIRITO SANTO;SERRA FLUMINENSE;Sul Fluminense;Retirada (RT)
GRJBOI3   SAUPOI2   OTS;QUALIDADE;MT-27;RAL-99463/2026;18/02/2026 - 09:32;1d.07h09m;6;RC/SDR /BA /NET/SG;-;;E;-;S;Unknown;Unknown;Unknown;Unknown
SWAP TIM TOP X  GVS;QUALIDADE;MT-99;RAL-101053/2026;18/02/2026 - 16:58;1d.01h35m;3;RT/GVS /JK /FFA/FO;-;;E;-;S;GOVERNADOR VALADARES;GOVERNADOR VALADARES;MINAS GERAIS;Retirada (RT)
MTCBA05 RMC01 1/1/46;QUALIDADE;FO-04;RAL-102906/2026;19/02/2026 - 11:37;0d.06h49m;2;RT/CBA /CO /NET/FO;-;;E;-;S;CUIABA;CUIABA;CENTRO OESTE;Retirada (RT)
SWAP FIBRA VTAL. MIC X TP;QUALIDADE;MT-05;RAL-103572/2026;19/02/2026 - 15:06;0d.01h37m;5;RC/MNS /NO /NET/SG;-;;E;-;S;Unknown;Unknown;Unknown;Unknown
DM2104G2_MOA900-01;QUALIDADE;SV-02;RAL-103655/2026;19/02/2026 - 15:27;0d.01h59m;4;RT/VTA /NOR/FFA/FO;-;;E;-;S;RIO DE JANEIRO / ESPIRITO SANTO;VITÓRIA;NORTE;Retirada (RT)
BHE ES    SLA KB    OTS;QUALIDADE;MT-27;RAL-103885/2026;19/02/2026 - 16:27;0d.01h59m;5;RC/BHE /ES /NET/SG;-;;E;-;S;Unknown;Unknown;Unknown;Unknown
TCS BR    VGA V3X   OTS;QUALIDADE;CB-99;RAL-104008/2026;19/02/2026 - 17:06;0d.00h44m;4;RC/BHE /ES /NET/SG;-;;E;-;S;Unknown;Unknown;Unknown;Unknown
BQSOBR    HZT BR    OTS;QUALIDADE;CB-99;RAL-104128/2026;19/02/2026 - 17:50;0d.00h40m;3;RT/FLA /CE /NET/FO;-;;E;-;S;FORTALEZA;FORTALEZA;FORTALEZA;Retirada (RT)
PVO FN    PVO FQ    OTS;QUALIDADE;MT-05;RAL-104136/2026;19/02/2026 - 17:52;0d.00h38m;3;RT/PVO /CO /NET/FO;-;;E;-;S;PORTO VELHO;PORTO VELHO;Rio Branco;Retirada (RT)
